ts,precip_mm,t_mean,t_max,t_min,t_nobs
2023-01-01 12:00:00,0.0,-19.78767123287671,-18.2,-22.1,73.0
2023-01-02 12:00:00,0.0,-29.377083333333335,-21.4,-33.7,144.0
2023-01-03 12:00:00,0.0,-33.68541666666667,-31.5,-35.4,144.0
2023-01-04 12:00:00,0.0,-29.42013888888889,-25.4,-33.8,144.0
2023-01-05 12:00:00,0.0,-30.418055555555554,-28.1,-32.3,144.0
2023-01-06 12:00:00,1.5,-28.06597222222222,-23.9,-30.1,144.0
2023-01-07 12:00:00,0.0,-18.852083333333333,-14.1,-26.2,144.0
2023-01-08 12:00:00,0.0,-17.46527777777778,-13.2,-20.8,144.0
2023-01-09 12:00:00,0.0,-22.484027777777776,-18.2,-25.9,144.0
2023-01-10 12:00:00,0.0,-25.488194444444446,-22.7,-27.7,144.0
2023-01-11 12:00:00,0.0,-19.95486111111111,-17.9,-23.0,144.0
2023-01-12 12:00:00,0.0,-18.672222222222224,-16.5,-23.1,144.0
2023-01-13 12:00:00,0.2,-31.12083333333333,-23.4,-35.3,144.0
2023-01-14 12:00:00,0.0,-23.07986111111111,-16.8,-30.6,144.0
2023-01-15 12:00:00,0.1,-22.0,-9.8,-26.9,144.0
2023-01-16 12:00:00,0.0,-12.81111111111111,-6.9,-19.2,144.0
2023-01-17 12:00:00,0.0,-20.974305555555556,-18.2,-25.4,144.0
2023-01-18 12:00:00,0.0,-26.429166666666667,-18.1,-33.0,144.0
2023-01-19 12:00:00,0.0,-30.92430555555556,-28.4,-33.6,144.0
2023-01-20 12:00:00,0.0,-32.0,-28.7,-35.0,144.0
2023-01-21 12:00:00,0.0,-31.079166666666666,-28.7,-34.4,144.0
2023-01-22 12:00:00,0.0,-29.354861111111113,-22.3,-33.4,144.0
2023-01-23 12:00:00,0.0,-13.313194444444443,-4.5,-22.2,144.0
2023-01-24 12:00:00,0.0,-8.01388888888889,-4.0,-14.4,144.0
2023-01-25 12:00:00,0.0,-7.034027777777777,0.7,-12.6,144.0
2023-01-26 12:00:00,0.0,-3.2625,4.2,-8.4,144.0
2023-01-27 12:00:00,0.0,-12.658333333333333,-8.4,-18.2,144.0
2023-01-28 12:00:00,0.9,-16.844444444444445,-12.8,-20.8,144.0
2023-01-29 12:00:00,0.0,-14.402083333333334,-11.1,-16.0,144.0
2023-01-30 12:00:00,0.0,-10.660416666666666,-6.5,-16.6,144.0
2023-01-31 12:00:00,0.7,-16.304166666666667,-12.8,-19.3,144.0
2023-02-01 12:00:00,0.0,-20.30625,-13.8,-25.5,144.0
2023-02-02 12:00:00,0.0,-23.761805555555554,-21.4,-26.3,144.0
2023-02-03 12:00:00,0.7,-22.799999999999997,-20.1,-25.3,144.0
2023-02-04 12:00:00,0.0,-18.271527777777777,-15.4,-22.0,144.0
2023-02-05 12:00:00,0.0,-24.1875,-19.9,-29.1,144.0
2023-02-06 12:00:00,0.0,-21.679166666666667,-20.6,-23.1,144.0
2023-02-07 12:00:00,0.0,-23.177777777777777,-21.0,-26.6,144.0
2023-02-08 12:00:00,0.0,-25.825000000000003,-21.1,-32.1,144.0
2023-02-09 12:00:00,0.0,-24.994444444444444,-18.9,-31.9,144.0
2023-02-10 12:00:00,0.0,-17.550694444444446,-15.5,-19.5,144.0
2023-02-11 12:00:00,0.0,-20.485416666666666,-18.8,-22.0,144.0
2023-02-12 12:00:00,0.0,-28.78125,-21.1,-35.7,144.0
2023-02-13 12:00:00,0.0,-35.61388888888889,-31.4,-38.3,144.0
2023-02-14 12:00:00,0.0,-36.474999999999994,-31.8,-39.0,144.0
2023-02-15 12:00:00,0.0,-36.74444444444444,-31.2,-38.8,144.0
2023-02-16 12:00:00,0.0,-23.814583333333335,-6.5,-37.3,144.0
2023-02-17 12:00:00,0.0,-21.102083333333333,-14.6,-27.2,144.0
2023-02-18 12:00:00,0.0,-21.66736111111111,-4.2,-26.0,144.0
2023-02-19 12:00:00,0.0,-4.184722222222223,-0.4,-10.1,144.0
2023-02-20 12:00:00,0.0,-16.622916666666665,-8.6,-19.9,144.0
2023-02-21 12:00:00,0.0,-17.511805555555554,-10.3,-21.8,144.0
2023-02-22 12:00:00,0.0,-8.644444444444444,-3.4,-15.4,144.0
2023-02-23 12:00:00,0.0,-21.21597222222222,-15.5,-28.9,144.0
2023-02-24 12:00:00,0.0,-18.70486111111111,3.9,-28.2,144.0
2023-02-25 12:00:00,0.0,-13.76736111111111,3.7,-23.0,144.0
2023-02-26 12:00:00,0.0,-19.62986111111111,-12.4,-23.4,144.0
2023-02-27 12:00:00,0.0,-16.34097222222222,-11.7,-21.0,144.0
2023-02-28 12:00:00,0.0,1.1073684210526316,9.3,-15.4,95.0
2023-03-01 12:00:00,0.0,-2.3180555555555555,1.8,-8.7,144.0
2023-03-02 12:00:00,0.0,-12.372916666666667,-7.2,-18.3,144.0
2023-03-03 12:00:00,0.0,-9.984722222222222,8.0,-16.9,144.0
2023-03-04 12:00:00,0.0,2.5791666666666666,9.3,-4.8,144.0
2023-03-05 12:00:00,0.0,3.117361111111111,9.9,-4.6,144.0
2023-03-06 12:00:00,0.0,-3.5083333333333333,1.8,-7.9,144.0
2023-03-07 12:00:00,0.0,-5.151388888888889,1.1,-9.9,144.0
2023-03-08 12:00:00,0.0,-4.958333333333333,-0.1,-10.4,144.0
2023-03-09 12:00:00,0.0,-8.131250000000001,-4.0,-12.2,144.0
2023-03-10 12:00:00,0.0,-8.973611111111111,-7.5,-12.0,144.0
2023-03-11 12:00:00,0.0,-11.3,-7.7,-14.5,144.0
2023-03-12 12:00:00,0.0,-11.796527777777778,-7.0,-16.3,144.0
2023-03-13 12:00:00,0.0,-12.635416666666666,-8.9,-17.2,144.0
2023-03-14 12:00:00,0.0,-14.17013888888889,-10.3,-17.8,144.0
2023-03-15 12:00:00,0.0,-8.302777777777777,-4.8,-14.4,144.0
2023-03-16 12:00:00,0.0,-8.931249999999999,-2.7,-13.8,144.0
2023-03-17 12:00:00,0.0,-12.76388888888889,-8.6,-17.2,144.0
2023-03-18 12:00:00,0.0,-8.95138888888889,-4.1,-12.7,144.0
2023-03-19 12:00:00,0.0,-5.004166666666666,0.9,-9.2,144.0
2023-03-20 12:00:00,0.0,-3.388888888888889,0.7,-6.1,144.0
2023-03-21 12:00:00,0.0,-5.323611111111111,0.5,-9.6,144.0
2023-03-22 12:00:00,0.0,-8.226388888888888,-6.1,-10.5,144.0
2023-03-23 12:00:00,0.0,-9.978472222222223,-6.4,-12.3,144.0
2023-03-24 12:00:00,0.0,-12.23611111111111,-9.3,-15.1,144.0
2023-03-25 12:00:00,0.0,-12.015972222222222,-9.8,-14.6,144.0
2023-03-26 12:00:00,0.0,-12.3,-8.4,-16.3,144.0
2023-03-27 12:00:00,0.0,-12.662500000000001,-9.0,-17.2,144.0
2023-03-28 12:00:00,0.0,-12.644444444444444,-6.9,-17.9,144.0
2023-03-29 12:00:00,0.0,-13.827083333333333,-9.2,-18.1,144.0
2023-03-30 12:00:00,0.0,-14.470138888888888,-9.4,-18.8,144.0
2023-03-31 12:00:00,0.0,-14.911805555555556,-10.8,-19.2,144.0
2023-04-01 12:00:00,0.0,-15.01736111111111,-11.0,-20.1,144.0
2023-04-02 12:00:00,0.0,-14.904166666666665,-10.6,-19.1,144.0
2023-04-03 12:00:00,0.0,-13.213194444444445,-8.8,-17.4,144.0
2023-04-04 12:00:00,0.0,-12.976388888888888,-7.6,-19.1,144.0
2023-04-05 12:00:00,0.0,-13.036111111111111,-10.2,-15.4,144.0
2023-04-06 12:00:00,0.0,-13.004861111111111,-8.5,-17.0,144.0
2023-04-07 12:00:00,0.0,-13.122916666666667,-9.9,-16.6,144.0
2023-04-08 12:00:00,0.0,-10.577083333333333,-6.6,-14.2,144.0
2023-04-09 12:00:00,0.0,-8.775694444444445,-5.2,-12.7,144.0
2023-04-10 12:00:00,0.0,-6.023611111111111,-1.0,-10.0,144.0
2023-04-11 12:00:00,0.0,2.3409722222222222,8.6,-6.1,144.0
2023-04-12 12:00:00,0.0,1.1208333333333333,9.3,-5.3,144.0
2023-04-13 12:00:00,0.0,-2.9604166666666667,-0.3,-5.2,144.0
2023-04-14 12:00:00,0.0,-1.7999999999999998,1.9,-4.4,144.0
2023-04-15 12:00:00,0.0,0.48750000000000004,4.5,-4.4,144.0
2023-04-16 12:00:00,0.0,-0.42083333333333334,4.0,-4.5,144.0
2023-04-17 12:00:00,0.0,-3.223611111111111,-0.6,-5.5,144.0
2023-04-18 12:00:00,0.0,-3.198611111111111,-2.2,-4.8,144.0
2023-04-19 12:00:00,0.0,-2.0791666666666666,-1.0,-3.0,144.0
2023-04-20 12:00:00,0.0,-2.3465277777777778,0.1,-5.8,144.0
2023-04-21 12:00:00,0.0,0.6625,4.3,-3.0,144.0
2023-04-22 12:00:00,0.0,1.7333333333333334,5.5,-1.0,144.0
2023-04-23 12:00:00,0.0,1.7426356589147287,3.7,-0.2,129.0
2023-04-24 12:00:00,0.0,3.963194444444445,9.1,1.4,144.0
2023-04-25 12:00:00,3.5,4.807638888888889,8.9,2.0,144.0
2023-04-26 12:00:00,0.0,1.8763888888888889,5.4,0.2,144.0
2023-04-27 12:00:00,0.0,1.2916666666666667,3.4,0.5,144.0
2023-04-28 12:00:00,0.0,1.292361111111111,5.3,-3.6,144.0
2023-04-29 12:00:00,0.0,2.4381944444444446,7.9,-2.1,144.0
2023-04-30 12:00:00,0.0,2.904166666666667,9.1,-2.8,144.0
2023-05-01 12:00:00,0.0,2.6958333333333333,8.4,-2.2,144.0
2023-05-02 12:00:00,0.0,2.5104166666666665,8.4,-2.3,144.0
2023-05-03 12:00:00,0.0,4.008333333333334,9.1,0.1,144.0
2023-05-04 12:00:00,0.3,5.324999999999999,8.1,3.1,144.0
2023-05-05 12:00:00,0.7,1.8402777777777777,4.9,-1.1,144.0
2023-05-06 12:00:00,0.0,2.6548611111111113,5.4,0.1,144.0
2023-05-07 12:00:00,0.0,2.783333333333333,7.1,-1.2,144.0
2023-05-08 12:00:00,0.0,3.8784722222222223,9.6,-0.4,144.0
2023-05-09 12:00:00,1.4,3.6215277777777777,7.2,1.1,144.0
2023-05-10 12:00:00,0.0,2.267361111111111,6.9,-1.1,144.0
2023-05-11 12:00:00,0.0,1.3402777777777777,5.9,-2.2,144.0
2023-05-12 12:00:00,1.2,0.040972222222222215,1.6,-1.1,144.0
2023-05-13 12:00:00,0.0,0.8840277777777777,2.7,-0.3,144.0
2023-05-14 12:00:00,0.0,0.034027777777777775,2.1,-1.9,144.0
2023-05-15 12:00:00,0.0,0.9791666666666666,3.8,-2.0,144.0
2023-05-16 12:00:00,0.2,5.242361111111111,9.5,1.4,144.0
2023-05-17 12:00:00,0.2,5.154861111111111,10.5,1.6,144.0
2023-05-18 12:00:00,0.0,5.025,8.0,2.0,144.0
2023-05-19 12:00:00,0.5,5.638194444444444,11.7,1.8,144.0
2023-05-20 12:00:00,0.0,1.5618055555555557,4.0,-1.0,144.0
2023-05-21 12:00:00,1.0,1.0694444444444444,5.0,-1.5,144.0
2023-05-22 12:00:00,0.0,0.23750000000000002,3.2,-3.3,144.0
2023-05-23 12:00:00,0.2,1.4944444444444445,5.9,-2.2,144.0
2023-05-24 12:00:00,0.0,-1.682638888888889,1.4,-2.8,144.0
2023-05-25 12:00:00,0.0,2.022222222222222,6.1,-2.9,144.0
2023-05-26 12:00:00,0.0,4.4006944444444445,9.6,-1.7,144.0
2023-05-27 12:00:00,0.0,5.219444444444445,7.7,2.9,144.0
2023-05-28 12:00:00,0.0,-0.6208333333333333,7.6,-3.2,144.0
2023-05-29 12:00:00,0.0,-1.9097222222222223,0.9,-5.9,144.0
2023-05-30 12:00:00,0.0,4.572916666666667,8.9,-0.5,144.0
2023-05-31 12:00:00,0.0,10.288888888888888,13.3,8.1,144.0
2023-06-01 12:00:00,0.0,9.722916666666666,13.8,6.1,144.0
2023-06-02 12:00:00,0.0,3.4021126760563383,10.9,-0.9,142.0
2023-06-03 12:00:00,3.1,2.2034722222222225,4.9,-0.3,144.0
2023-06-04 12:00:00,0.0,1.6749999999999998,5.4,0.2,144.0
2023-06-05 12:00:00,0.0,2.9076388888888887,6.3,0.7,144.0
2023-06-06 12:00:00,1.7,2.7041666666666666,5.6,0.6,144.0
2023-06-07 12:00:00,0.0,0.03656716417910448,4.3,-3.0,134.0
2023-06-08 12:00:00,3.0,0.11041666666666666,2.4,-2.1,144.0
2023-06-09 12:00:00,5.1,3.9381944444444446,5.5,2.2,144.0
2023-06-10 12:00:00,0.0,6.342361111111111,11.7,3.6,144.0
2023-06-11 12:00:00,0.0,9.712499999999999,13.7,5.3,144.0
2023-06-12 12:00:00,0.0,11.520138888888889,15.5,6.2,144.0
2023-06-13 12:00:00,0.0,5.314583333333333,9.7,1.4,144.0
2023-06-14 12:00:00,0.0,5.386111111111111,9.8,2.1,144.0
2023-06-15 12:00:00,11.0,7.009722222222222,10.9,2.9,144.0
2023-06-16 12:00:00,0.0,2.8553191489361702,11.1,-1.0,141.0
2023-06-17 12:00:00,0.0,3.129166666666667,5.4,0.8,144.0
2023-06-18 12:00:00,0.0,5.602777777777778,8.3,2.4,144.0
2023-06-19 12:00:00,0.6,8.235416666666667,10.3,4.7,144.0
2023-06-20 12:00:00,6.0,11.463888888888889,16.0,6.8,144.0
2023-06-21 12:00:00,0.6,10.230555555555556,16.8,5.2,144.0
2023-06-22 12:00:00,0.5,5.896527777777778,7.4,4.2,144.0
2023-06-23 12:00:00,0.0,5.729166666666667,8.2,3.3,144.0
2023-06-24 12:00:00,0.0,6.900694444444444,10.2,2.4,144.0
2023-06-25 12:00:00,0.0,9.444444444444445,13.2,5.8,144.0
2023-06-26 12:00:00,1.7,9.51875,13.4,5.2,144.0
2023-06-27 12:00:00,0.0,10.806249999999999,15.7,5.6,144.0
2023-06-28 12:00:00,0.0,10.590972222222222,15.8,6.7,144.0
2023-06-29 12:00:00,0.9,10.459722222222222,14.3,7.8,144.0
2023-06-30 12:00:00,0.0,8.222916666666666,12.7,5.0,144.0
2023-07-01 12:00:00,0.0,7.362500000000001,10.2,3.3,144.0
2023-07-02 12:00:00,16.7,8.021527777777777,11.8,2.9,144.0
2023-07-03 12:00:00,3.0,11.884027777777778,17.4,6.0,144.0
2023-07-04 12:00:00,4.8,9.505555555555555,15.2,6.2,144.0
2023-07-05 12:00:00,11.6,9.619444444444445,12.5,6.7,144.0
2023-07-06 12:00:00,0.0,10.708333333333334,12.8,9.3,144.0
2023-07-07 12:00:00,0.0,12.87361111111111,17.2,10.0,144.0
2023-07-08 12:00:00,0.0,12.193750000000001,17.5,7.4,144.0
2023-07-09 12:00:00,0.0,11.608333333333333,16.9,7.2,144.0
2023-07-10 12:00:00,3.5,12.652777777777779,19.5,8.4,144.0
2023-07-11 12:00:00,0.7,13.440972222222221,19.9,8.5,144.0
2023-07-12 12:00:00,0.0,9.587499999999999,13.1,7.1,144.0
2023-07-13 12:00:00,0.3,13.130555555555555,19.4,7.1,144.0
2023-07-14 12:00:00,0.0,13.447222222222223,19.8,8.9,144.0
2023-07-15 12:00:00,0.0,10.820833333333333,14.4,9.1,144.0
2023-07-16 12:00:00,10.0,10.463194444444445,16.2,7.0,144.0
2023-07-17 12:00:00,1.9,7.7444444444444445,9.7,6.2,144.0
2023-07-18 12:00:00,0.0,8.934042553191489,13.2,6.7,141.0
2023-07-19 12:00:00,24.0,9.372142857142856,12.3,8.0,140.0
2023-07-20 12:00:00,0.0,9.796527777777778,14.5,7.1,144.0
2023-07-21 12:00:00,5.9,11.899999999999999,17.4,7.8,144.0
2023-07-22 12:00:00,0.0,10.777083333333334,15.4,7.5,144.0
2023-07-23 12:00:00,3.1,10.836805555555555,15.8,6.9,144.0
2023-07-24 12:00:00,0.0,10.349305555555555,16.5,5.4,144.0
2023-07-25 12:00:00,0.0,9.093055555555557,14.0,4.5,144.0
2023-07-26 12:00:00,0.0,9.457638888888889,13.6,3.8,144.0
2023-07-27 12:00:00,0.0,11.205555555555556,17.6,4.1,144.0
2023-07-28 12:00:00,0.0,9.650694444444445,17.3,3.4,144.0
2023-07-29 12:00:00,0.0,10.556249999999999,15.9,5.6,144.0
2023-07-30 12:00:00,0.0,10.897202797202796,16.6,5.7,143.0
2023-07-31 12:00:00,4.5,8.895833333333334,13.5,5.2,144.0
2023-08-01 12:00:00,0.0,7.673611111111111,11.4,5.6,144.0
2023-08-02 12:00:00,0.0,7.2756944444444445,9.2,5.5,144.0
2023-08-03 12:00:00,0.0,8.632638888888888,11.8,6.0,144.0
2023-08-04 12:00:00,0.0,9.374305555555557,14.9,3.3,144.0
2023-08-05 12:00:00,2.4,9.633333333333333,15.3,5.8,144.0
2023-08-06 12:00:00,0.0,9.379166666666666,14.4,3.6,144.0
2023-08-07 12:00:00,0.0,9.925694444444444,15.5,4.2,144.0
2023-08-08 12:00:00,0.0,10.652777777777779,16.6,5.0,144.0
2023-08-09 12:00:00,0.0,10.211111111111112,17.1,3.7,144.0
2023-08-10 12:00:00,0.0,8.379166666666666,13.0,2.6,144.0
2023-08-11 12:00:00,0.0,9.97013888888889,13.9,8.1,144.0
2023-08-12 12:00:00,0.0,11.995833333333334,19.0,4.5,144.0
2023-08-13 12:00:00,0.0,10.361805555555556,16.4,6.8,144.0
2023-08-14 12:00:00,0.0,10.216666666666667,15.8,5.6,144.0
2023-08-15 12:00:00,0.0,10.572916666666666,15.7,6.8,144.0
2023-08-16 12:00:00,0.0,8.980555555555556,14.5,3.7,144.0
2023-08-17 12:00:00,0.0,8.74861111111111,14.3,3.2,144.0
2023-08-18 12:00:00,0.0,8.836805555555555,14.5,2.7,144.0
2023-08-19 12:00:00,1.8,11.469444444444443,16.3,8.2,144.0
2023-08-20 12:00:00,0.0,13.213888888888889,17.2,9.7,144.0
2023-08-21 12:00:00,0.0,13.697916666666666,18.1,9.5,144.0
2023-08-22 12:00:00,0.0,12.672222222222222,16.9,7.4,144.0
2023-08-23 12:00:00,0.4,15.148611111111112,20.2,11.1,144.0
2023-08-24 12:00:00,0.0,12.2625,18.7,7.3,144.0
2023-08-25 12:00:00,0.0,11.563194444444443,17.7,4.7,144.0
2023-08-26 12:00:00,0.0,10.480555555555556,15.7,6.6,144.0
2023-08-27 12:00:00,0.0,10.894444444444444,15.2,7.7,144.0
2023-08-28 12:00:00,6.9,10.365972222222222,13.2,7.8,144.0
2023-08-29 12:00:00,6.8,9.675694444444444,14.2,6.1,144.0
2023-08-30 12:00:00,0.0,6.081250000000001,8.1,5.0,144.0
2023-08-31 12:00:00,2.6,4.719444444444445,6.3,3.2,144.0
2023-09-01 12:00:00,0.0,4.309722222222223,10.6,-1.1,144.0
2023-09-02 12:00:00,2.6,4.231944444444444,7.5,1.6,144.0
2023-09-03 12:00:00,0.7,3.7902777777777774,5.8,2.7,144.0
2023-09-04 12:00:00,0.0,3.3715277777777777,6.2,0.8,144.0
2023-09-05 12:00:00,1.7,10.215277777777779,15.2,5.1,144.0
2023-09-06 12:00:00,5.0,8.524999999999999,12.0,6.1,144.0
2023-09-07 12:00:00,7.0,5.307638888888889,7.5,3.6,144.0
2023-09-08 12:00:00,0.0,3.7583333333333337,4.9,2.6,144.0
2023-09-09 12:00:00,0.0,2.927777777777778,4.2,1.6,144.0
2023-09-10 12:00:00,0.0,1.9986111111111111,6.8,-2.7,144.0
2023-09-11 12:00:00,0.0,2.4506944444444443,8.9,-2.7,144.0
2023-09-12 12:00:00,0.0,4.017361111111111,6.5,1.5,144.0
2023-09-13 12:00:00,0.0,6.276388888888889,9.0,3.5,144.0
2023-09-14 12:00:00,0.0,8.343055555555557,10.2,3.4,144.0
2023-09-15 12:00:00,0.0,3.770138888888889,8.2,-1.4,144.0
2023-09-16 12:00:00,2.9,2.35625,6.7,0.6,144.0
2023-09-17 12:00:00,0.0,1.7430555555555556,6.4,-2.5,144.0
2023-09-18 12:00:00,0.0,0.9965277777777778,3.7,-0.8,144.0
2023-09-19 12:00:00,0.0,-0.7124999999999999,3.7,-4.9,144.0
2023-09-20 12:00:00,0.0,-1.0590277777777777,4.0,-5.5,144.0
2023-09-21 12:00:00,0.0,0.18541666666666667,3.8,-1.9,144.0
2023-09-22 12:00:00,0.0,-1.2361111111111112,0.3,-2.6,144.0
2023-09-23 12:00:00,0.0,-3.4180555555555556,0.3,-6.8,144.0
2023-09-24 12:00:00,0.0,-2.101388888888889,3.1,-6.5,144.0
2023-09-25 12:00:00,9.8,-0.21041666666666667,2.4,-2.5,144.0
2023-09-26 12:00:00,2.2,0.8812500000000001,3.2,-1.2,144.0
2023-09-27 12:00:00,1.2,0.7305555555555556,2.8,-0.7,144.0
2023-09-28 12:00:00,0.0,2.2631944444444443,5.4,0.8,144.0
2023-09-29 12:00:00,0.0,1.3097222222222222,3.3,-0.4,144.0
2023-09-30 12:00:00,0.0,1.1486111111111112,3.0,-1.3,144.0
2023-10-01 12:00:00,0.0,-0.6881944444444444,4.1,-4.9,144.0
2023-10-02 12:00:00,0.0,-1.7048611111111112,2.1,-5.8,144.0
2023-10-03 12:00:00,0.0,-2.4229166666666666,2.8,-7.5,144.0
2023-10-04 12:00:00,0.0,-1.3854166666666667,3.2,-4.2,144.0
2023-10-05 12:00:00,0.0,0.004861111111111103,2.0,-1.2,144.0
2023-10-06 12:00:00,0.0,2.5972222222222223,6.6,-0.9,144.0
2023-10-07 12:00:00,4.9,7.677777777777777,9.0,4.6,144.0
2023-10-08 12:00:00,0.0,6.206944444444444,10.3,2.6,144.0
2023-10-09 12:00:00,0.0,1.4923611111111112,3.0,-0.6,144.0
2023-10-10 12:00:00,0.0,-1.0791666666666666,1.7,-2.2,144.0
2023-10-11 12:00:00,0.0,-1.0222222222222221,0.6,-2.0,144.0
2023-10-12 12:00:00,0.0,-1.6972222222222222,1.2,-5.2,144.0
2023-10-13 12:00:00,0.0,-1.5833333333333333,0.1,-4.1,144.0
2023-10-14 12:00:00,6.4,2.3722222222222222,5.8,-1.0,144.0
2023-10-15 12:00:00,0.0,-2.054861111111111,1.5,-5.1,144.0
2023-10-16 12:00:00,0.0,-6.835915492957747,-3.2,-8.8,142.0
2023-10-17 12:00:00,0.0,-11.171830985915493,-6.2,-16.0,142.0
2023-10-18 12:00:00,0.0,-12.045833333333333,-10.7,-14.8,144.0
2023-10-19 12:00:00,0.0,-7.4937499999999995,-5.2,-11.3,144.0
2023-10-20 12:00:00,0.0,-6.559722222222223,-5.4,-10.2,144.0
2023-10-21 12:00:00,0.0,-7.618055555555555,-5.5,-10.3,144.0
2023-10-22 12:00:00,0.0,-5.902083333333334,0.9,-8.7,144.0
2023-10-23 12:00:00,0.0,-9.401388888888889,-3.2,-13.5,144.0
2023-10-24 12:00:00,0.0,-10.225694444444445,-5.1,-14.4,144.0
2023-10-25 12:00:00,0.0,-9.323611111111111,-4.8,-12.6,144.0
2023-10-26 12:00:00,0.0,-4.063888888888889,1.7,-7.4,144.0
2023-10-27 12:00:00,0.0,-4.03125,2.8,-11.1,144.0
2023-10-28 12:00:00,0.0,-8.096527777777778,-6.9,-10.1,144.0
2023-10-29 12:00:00,0.0,-8.92361111111111,-4.2,-11.5,144.0
2023-10-30 12:00:00,0.0,-3.7249999999999996,3.8,-9.6,144.0
2023-10-31 12:00:00,0.0,4.079861111111111,7.2,1.5,144.0
2023-11-01 12:00:00,0.0,6.504861111111111,8.2,3.3,144.0
2023-11-02 12:00:00,0.0,5.484722222222222,8.3,1.0,144.0
2023-11-03 12:00:00,0.0,-3.7319444444444443,2.5,-7.6,144.0
2023-11-04 12:00:00,0.0,-4.136111111111111,0.1,-7.1,144.0
2023-11-05 12:00:00,0.0,-7.729166666666667,-3.5,-12.7,144.0
2023-11-06 12:00:00,0.0,-6.579166666666667,-2.8,-12.5,144.0
2023-11-07 12:00:00,0.0,-5.4319444444444445,-2.8,-8.4,144.0
2023-11-08 12:00:00,0.0,-2.0680555555555555,1.7,-7.4,144.0
2023-11-09 12:00:00,2.7,-5.698611111111111,-4.7,-7.7,144.0
2023-11-10 12:00:00,1.2,-9.038888888888888,-4.0,-18.6,144.0
2023-11-11 12:00:00,0.0,-18.30902777777778,-13.0,-22.1,144.0
2023-11-12 12:00:00,0.0,-19.050694444444446,-16.4,-22.1,144.0
2023-11-13 12:00:00,1.4,-18.06597222222222,-14.4,-21.5,144.0
2023-11-14 12:00:00,0.0,-14.936111111111112,-11.5,-19.8,144.0
2023-11-15 12:00:00,0.0,-11.819444444444445,-9.6,-16.8,144.0
2023-11-16 12:00:00,0.0,-12.459722222222222,-10.3,-18.4,144.0
2023-11-17 12:00:00,0.0,-20.5375,-17.7,-22.3,144.0
2023-11-18 12:00:00,0.0,-12.50138888888889,-4.2,-20.5,144.0
2023-11-19 12:00:00,1.4,1.6034722222222222,4.1,-5.6,144.0
2023-11-20 12:00:00,3.7,-3.615277777777778,1.2,-6.8,144.0
2023-11-21 12:00:00,0.0,-3.4402777777777778,-2.0,-5.8,144.0
2023-11-22 12:00:00,0.0,-6.107638888888889,-3.0,-11.9,144.0
2023-11-23 12:00:00,0.0,-7.9743055555555555,-4.0,-13.2,144.0
2023-11-24 12:00:00,0.0,-4.090277777777778,-0.7,-7.7,144.0
2023-11-25 12:00:00,0.0,-10.546527777777778,-6.5,-14.6,144.0
2023-11-26 12:00:00,0.0,2.165277777777778,9.6,-6.8,144.0
2023-11-27 12:00:00,0.0,-3.302777777777778,2.0,-6.9,144.0
2023-11-28 12:00:00,0.0,-4.956250000000001,-1.0,-9.1,144.0
2023-11-29 12:00:00,0.0,-5.322222222222222,-2.1,-8.1,144.0
2023-11-30 12:00:00,0.0,4.081250000000001,9.8,-4.1,144.0
2023-12-01 12:00:00,0.0,4.189583333333333,7.9,0.9,144.0
2023-12-02 12:00:00,0.0,-1.1347222222222222,3.4,-5.4,144.0
2023-12-03 12:00:00,0.0,-8.246527777777779,-3.6,-12.7,144.0
2023-12-04 12:00:00,0.0,-12.378472222222221,-10.5,-14.3,144.0
2023-12-05 12:00:00,0.0,-10.277083333333334,-8.8,-12.9,144.0
2023-12-06 12:00:00,0.0,-15.516666666666667,-11.4,-18.5,144.0
2023-12-07 12:00:00,0.0,-4.467361111111111,2.7,-16.9,144.0
2023-12-08 12:00:00,0.0,-4.251388888888889,1.8,-10.3,144.0
2023-12-09 12:00:00,0.0,-12.78125,-8.1,-15.5,144.0
2023-12-10 12:00:00,0.0,-13.052777777777777,-10.5,-15.1,144.0
2023-12-11 12:00:00,0.0,-5.465277777777778,0.3,-12.7,144.0
2023-12-12 12:00:00,0.0,2.7034722222222225,4.0,-0.9,144.0
2023-12-13 12:00:00,0.0,-6.108333333333333,-0.8,-9.6,144.0
2023-12-14 12:00:00,0.0,-10.952777777777778,-10.0,-11.9,144.0
2023-12-15 12:00:00,0.0,-15.809722222222222,-11.3,-21.6,144.0
2023-12-16 12:00:00,0.0,-24.388194444444444,-20.4,-26.2,144.0
2023-12-17 12:00:00,0.0,-26.18263888888889,-23.3,-27.5,144.0
2023-12-18 12:00:00,0.0,-12.959027777777777,-8.1,-24.0,144.0
2023-12-19 12:00:00,0.0,-10.914583333333333,-5.8,-16.1,144.0
2023-12-20 12:00:00,0.0,-14.016666666666667,-12.5,-17.7,144.0
2023-12-21 12:00:00,0.0,-17.23263888888889,-15.7,-18.7,144.0
2023-12-22 12:00:00,0.0,-14.87605633802817,-10.6,-19.7,142.0
2023-12-23 12:00:00,0.0,-17.654861111111114,-13.9,-23.8,144.0
2023-12-24 12:00:00,0.0,-22.766666666666666,-20.2,-24.8,144.0
2023-12-25 12:00:00,0.0,-21.568055555555556,-19.1,-23.9,144.0
2023-12-26 12:00:00,0.0,-25.277083333333334,-22.3,-27.1,144.0
2023-12-27 12:00:00,0.0,-20.19097222222222,-16.5,-24.0,144.0
2023-12-28 12:00:00,0.0,-16.123611111111114,-10.9,-19.3,144.0
2023-12-29 12:00:00,0.0,-15.124305555555557,-12.9,-18.6,144.0
2023-12-30 12:00:00,0.0,-21.408333333333335,-16.2,-25.2,144.0
2023-12-31 12:00:00,0.0,-22.191666666666666,-21.0,-23.3,144.0
2024-01-01 12:00:00,0.0,-21.843356643356643,-16.9,-24.2,143.0
2024-01-02 12:00:00,0.0,-19.01388888888889,-14.2,-21.6,144.0
2024-01-03 12:00:00,0.0,-16.891666666666666,-10.4,-19.9,144.0
2024-01-04 12:00:00,0.0,-7.355555555555556,-3.0,-13.0,144.0
2024-01-05 12:00:00,0.0,-9.979166666666666,-4.2,-13.3,144.0
2024-01-06 12:00:00,0.0,-9.727083333333333,-5.2,-14.8,144.0
2024-01-07 12:00:00,5.5,-12.522916666666667,-11.6,-13.9,144.0
2024-01-08 12:00:00,0.0,-10.581944444444444,-8.5,-12.4,144.0
2024-01-09 12:00:00,0.0,-12.091666666666667,-9.4,-14.7,144.0
2024-01-10 12:00:00,0.0,-0.1972222222222223,7.6,-16.3,144.0
2024-01-11 12:00:00,0.0,-4.455555555555556,0.6,-7.8,144.0
2024-01-12 12:00:00,0.0,-12.35625,-7.5,-15.6,144.0
2024-01-13 12:00:00,0.0,-13.811805555555557,-11.3,-17.0,144.0
2024-01-14 12:00:00,0.0,-6.616666666666666,1.3,-11.0,144.0
2024-01-15 12:00:00,0.0,-7.112500000000001,4.1,-12.9,144.0
2024-01-16 12:00:00,0.0,-14.894444444444446,-10.9,-18.0,144.0
2024-01-17 12:00:00,0.0,-8.166666666666666,-5.7,-12.2,144.0
2024-01-18 12:00:00,0.0,-9.430769230769231,-3.8,-13.4,143.0
2024-01-19 12:00:00,0.0,-18.08888888888889,-13.6,-21.6,144.0
2024-01-20 12:00:00,0.0,-14.190277777777778,-13.2,-16.7,144.0
2024-01-21 12:00:00,0.0,-25.984722222222224,-15.6,-32.3,144.0
2024-01-22 12:00:00,0.0,-20.453472222222224,-8.6,-33.2,144.0
2024-01-23 12:00:00,0.0,-16.795833333333334,-12.9,-22.0,144.0
2024-01-24 12:00:00,0.0,-18.35486111111111,-16.0,-21.2,144.0
2024-01-25 12:00:00,0.0,-21.418750000000003,-17.8,-26.6,144.0
2024-01-26 12:00:00,0.0,-31.456249999999997,-25.8,-34.7,144.0
2024-01-27 12:00:00,0.0,-33.606944444444444,-30.5,-35.4,144.0
2024-01-28 12:00:00,0.0,-35.75036496350365,-31.5,-38.0,137.0
2024-01-29 12:00:00,0.0,-32.96666666666667,-30.7,-37.6,141.0
2024-01-30 12:00:00,0.0,-34.891666666666666,-31.9,-37.4,144.0
2024-01-31 12:00:00,0.0,-30.28472222222222,-21.5,-37.3,144.0
2024-02-01 12:00:00,0.0,-24.26013986013986,-22.1,-28.6,143.0
2024-02-02 12:00:00,0.0,-25.718181818181815,-20.5,-31.3,143.0
2024-02-03 12:00:00,0.0,-30.86013986013986,-28.1,-34.3,143.0
2024-02-04 12:00:00,0.0,-30.939860139860137,-27.5,-33.8,143.0
2024-02-05 12:00:00,0.0,-26.594405594405593,-22.5,-31.6,143.0
2024-02-06 12:00:00,0.0,-30.474825174825174,-23.2,-35.4,143.0
2024-02-07 12:00:00,0.0,-16.155244755244755,-3.4,-33.3,143.0
2024-02-08 12:00:00,0.0,-9.302797202797203,-1.6,-17.9,143.0
2024-02-09 12:00:00,0.0,-19.762237762237763,-14.4,-25.9,143.0
2024-02-10 12:00:00,0.0,-14.281818181818181,-11.4,-20.3,143.0
2024-02-11 12:00:00,0.0,-21.6993006993007,-16.7,-26.4,143.0
2024-02-12 12:00:00,0.0,-28.413986013986012,-22.7,-33.3,143.0
2024-02-13 12:00:00,0.0,-28.367832167832166,-22.6,-33.4,143.0
2024-02-14 12:00:00,0.0,-28.804195804195803,-22.0,-34.6,143.0
2024-02-15 12:00:00,0.0,-31.82447552447552,-28.2,-34.2,143.0
2024-02-16 12:00:00,0.0,-27.555944055944057,-24.2,-33.0,143.0
2024-02-17 12:00:00,0.0,-22.04125874125874,-17.4,-25.4,143.0
2024-02-18 12:00:00,0.0,-1.555944055944056,5.8,-18.3,143.0
2024-02-19 12:00:00,0.0,-9.717482517482518,0.1,-14.2,143.0
2024-02-20 12:00:00,0.0,-12.988111888111888,-9.2,-15.4,143.0
2024-02-21 12:00:00,0.0,-9.5993006993007,-4.3,-14.6,143.0
2024-02-22 12:00:00,0.0,-10.581118881118881,-3.5,-16.8,143.0
2024-02-23 12:00:00,0.0,-12.855244755244755,-10.8,-15.5,143.0
2024-02-24 12:00:00,0.0,-16.754545454545454,-7.1,-21.9,143.0
2024-02-25 12:00:00,3.1,-10.031468531468532,2.5,-18.0,143.0
2024-02-26 12:00:00,0.0,-15.749650349650349,-11.9,-20.0,143.0
2024-02-27 12:00:00,0.0,-15.944755244755244,-9.8,-18.6,143.0
2024-02-28 12:00:00,0.0,-18.06083916083916,-11.6,-23.6,143.0
2024-02-29 12:00:00,0.6,-17.593706293706294,-14.8,-22.0,143.0
2024-03-01 12:00:00,0.0,-16.73076923076923,-11.9,-22.8,143.0
2024-03-02 12:00:00,0.0,-2.3097902097902097,8.5,-12.3,143.0
2024-03-03 12:00:00,0.0,-5.294444444444444,1.6,-10.0,144.0
2024-03-04 12:00:00,0.0,-12.98951048951049,-5.8,-20.7,143.0
2024-03-05 12:00:00,0.0,-16.897916666666667,-12.1,-21.1,144.0
2024-03-06 12:00:00,0.5,-13.160416666666666,-11.4,-16.0,144.0
2024-03-07 12:00:00,0.0,-13.70625,-11.2,-18.6,144.0
2024-03-08 12:00:00,0.0,-13.073611111111111,-11.0,-17.1,144.0
2024-03-09 12:00:00,0.0,-14.206944444444444,-12.2,-15.9,144.0
2024-03-10 12:00:00,0.0,-18.44097222222222,-14.6,-21.6,144.0
2024-03-11 12:00:00,0.0,-17.43472222222222,-14.9,-19.2,144.0
2024-03-12 12:00:00,0.0,-15.539583333333333,-9.1,-19.7,144.0
2024-03-13 12:00:00,0.0,-12.775694444444445,-10.9,-16.4,144.0
2024-03-14 12:00:00,0.0,-8.670833333333333,-5.2,-12.2,144.0
2024-03-15 12:00:00,0.0,-13.081944444444444,-7.4,-17.8,144.0
2024-03-16 12:00:00,0.0,-15.054166666666667,-9.0,-21.9,144.0
2024-03-17 12:00:00,0.0,-16.314583333333335,-11.0,-20.4,144.0
2024-03-18 12:00:00,0.0,-14.882638888888888,-11.4,-20.0,144.0
2024-03-19 12:00:00,0.0,-19.5375,-11.7,-27.4,144.0
2024-03-20 12:00:00,0.0,-17.952777777777776,-10.5,-22.2,144.0
2024-03-21 12:00:00,0.0,-16.779861111111114,-7.5,-24.2,144.0
2024-03-22 12:00:00,0.0,-18.049305555555556,-12.5,-23.2,144.0
2024-03-23 12:00:00,0.0,-17.40347222222222,-11.4,-23.1,144.0
2024-03-24 12:00:00,0.0,-5.699305555555556,2.4,-20.1,144.0
2024-03-25 12:00:00,0.0,-0.2847222222222222,6.4,-5.8,144.0
2024-03-26 12:00:00,0.0,1.2833333333333334,5.6,-3.5,144.0
2024-03-27 12:00:00,0.0,-3.8916666666666666,3.0,-7.2,144.0
2024-03-28 12:00:00,0.0,-5.995138888888889,-4.5,-7.8,144.0
2024-03-29 12:00:00,0.0,-9.066666666666666,-3.3,-14.7,144.0
2024-03-30 12:00:00,0.0,-9.836805555555555,-5.1,-14.8,144.0
2024-03-31 12:00:00,0.0,-8.688194444444443,-3.9,-13.3,144.0
2024-04-01 12:00:00,0.0,-6.890277777777778,-3.9,-10.3,144.0
2024-04-02 12:00:00,0.0,-4.805555555555555,-1.5,-9.4,144.0
2024-04-03 12:00:00,0.0,-4.070138888888889,-0.2,-7.9,144.0
2024-04-04 12:00:00,1.0,-0.90625,2.5,-3.7,144.0
2024-04-05 12:00:00,0.0,-3.540277777777778,-1.0,-6.7,144.0
2024-04-06 12:00:00,0.0,-6.027777777777778,-1.0,-10.4,144.0
2024-04-07 12:00:00,0.0,-5.461111111111111,-2.5,-7.9,144.0
2024-04-08 12:00:00,0.0,-5.11875,-1.6,-8.7,144.0
2024-04-09 12:00:00,0.0,-6.032638888888889,-3.8,-8.0,144.0
2024-04-10 12:00:00,0.0,-8.083333333333334,-3.3,-13.6,144.0
2024-04-11 12:00:00,0.0,-7.553472222222222,-4.1,-11.7,144.0
2024-04-12 12:00:00,2.3,-6.127777777777777,-2.6,-9.4,144.0
2024-04-13 12:00:00,0.0,-3.8604166666666666,1.0,-5.6,144.0
2024-04-14 12:00:00,0.0,-6.986805555555556,-3.7,-12.0,144.0
2024-04-15 12:00:00,0.0,-8.402777777777779,-1.1,-15.0,144.0
2024-04-16 12:00:00,1.1,-4.932638888888889,-1.9,-9.4,144.0
2024-04-17 12:00:00,1.5,-2.8812499999999996,-1.2,-5.0,144.0
2024-04-18 12:00:00,0.0,-0.29027777777777775,5.6,-4.1,144.0
2024-04-19 12:00:00,0.0,-2.60625,2.1,-6.3,144.0
2024-04-20 12:00:00,0.0,-4.009722222222222,-1.2,-6.5,144.0
2024-04-21 12:00:00,0.0,-0.9131944444444444,6.4,-4.9,144.0
2024-04-22 12:00:00,0.0,6.183333333333334,9.0,3.8,144.0
2024-04-23 12:00:00,0.0,7.683333333333334,12.0,3.0,144.0
2024-04-24 12:00:00,0.0,10.705555555555556,15.0,6.2,144.0
2024-04-25 12:00:00,0.6,6.545833333333333,13.2,1.5,144.0
2024-04-26 12:00:00,0.0,5.605555555555556,9.9,0.5,144.0
2024-04-27 12:00:00,0.0,4.954861111111111,9.0,3.0,144.0
2024-04-28 12:00:00,0.0,3.7993055555555557,9.2,-0.4,144.0
2024-04-29 12:00:00,0.0,7.159722222222222,11.8,3.4,144.0
2024-04-30 12:00:00,0.0,4.370833333333334,8.2,-0.5,144.0
2024-05-01 12:00:00,1.5,-1.7666666666666666,1.3,-4.0,144.0
2024-05-02 12:00:00,0.0,-3.9465277777777774,-1.2,-6.0,144.0
2024-05-03 12:00:00,0.0,-5.5055555555555555,-3.5,-8.2,144.0
2024-05-04 12:00:00,0.0,-4.845833333333333,-3.1,-6.1,144.0
2024-05-05 12:00:00,0.0,-5.652083333333334,-3.9,-6.8,144.0
2024-05-06 12:00:00,0.0,-5.091666666666667,-4.3,-6.3,144.0
2024-05-07 12:00:00,0.5,-4.920138888888889,-1.8,-9.2,144.0
2024-05-08 12:00:00,0.0,-0.6604166666666667,2.7,-2.8,144.0
2024-05-09 12:00:00,0.0,-0.5756944444444445,3.0,-2.6,144.0
2024-05-10 12:00:00,0.0,0.055555555555555566,5.0,-4.9,144.0
2024-05-11 12:00:00,0.0,2.2395833333333335,7.0,-3.0,144.0
2024-05-12 12:00:00,0.0,4.104861111111111,8.6,1.4,144.0
2024-05-13 12:00:00,2.0,8.340972222222222,12.4,4.2,144.0
2024-05-14 12:00:00,0.0,1.4236111111111112,10.0,-4.2,144.0
2024-05-15 12:00:00,0.0,-3.7312499999999997,-1.8,-5.2,144.0
2024-05-16 12:00:00,0.0,-4.690277777777777,-2.2,-9.7,144.0
2024-05-17 12:00:00,0.0,-3.1590277777777778,0.2,-7.7,144.0
2024-05-18 12:00:00,0.0,-0.6923611111111111,3.4,-5.1,144.0
2024-05-19 12:00:00,0.0,0.9604166666666667,5.4,-2.7,144.0
2024-05-20 12:00:00,0.0,2.1722222222222225,6.5,-0.6,144.0
2024-05-21 12:00:00,0.0,1.3506944444444444,4.3,-1.0,144.0
2024-05-22 12:00:00,0.0,1.2222222222222223,3.8,-0.8,144.0
2024-05-23 12:00:00,0.0,0.9854166666666667,3.7,-0.8,144.0
2024-05-24 12:00:00,0.0,1.145138888888889,5.4,-2.0,144.0
2024-05-25 12:00:00,0.0,1.4055555555555557,5.6,-3.5,144.0
2024-05-26 12:00:00,0.0,2.8868055555555556,6.3,-0.6,144.0
2024-05-27 12:00:00,0.0,3.5166666666666666,6.6,-1.6,144.0
2024-05-28 12:00:00,0.0,5.424305555555556,8.0,2.7,144.0
2024-05-29 12:00:00,5.0,2.829861111111111,6.7,0.0,144.0
2024-05-30 12:00:00,1.0,0.47708333333333336,2.7,-1.3,144.0
2024-05-31 12:00:00,0.0,1.1548611111111111,4.4,-2.7,144.0
2024-06-01 12:00:00,1.0,3.070138888888889,7.2,-0.6,144.0
2024-06-02 12:00:00,0.0,1.6423611111111112,4.1,-0.8,144.0
2024-06-03 12:00:00,0.0,1.8687500000000001,4.9,-1.7,144.0
2024-06-04 12:00:00,1.6,6.129166666666666,9.7,1.6,144.0
2024-06-05 12:00:00,3.7,8.680555555555555,11.4,6.4,144.0
2024-06-06 12:00:00,0.0,7.11388888888889,11.9,4.8,144.0
2024-06-07 12:00:00,0.4,5.273611111111111,7.5,3.6,144.0
2024-06-08 12:00:00,2.0,7.465277777777778,10.6,3.5,144.0
2024-06-09 12:00:00,4.5,10.197222222222223,15.2,4.5,144.0
2024-06-10 12:00:00,4.2,8.188194444444443,15.0,3.2,144.0
2024-06-11 12:00:00,4.4,6.429861111111111,8.4,4.2,144.0
2024-06-12 12:00:00,0.0,8.365972222222222,14.4,3.7,144.0
2024-06-13 12:00:00,0.0,2.9625000000000004,5.8,1.5,144.0
2024-06-14 12:00:00,0.0,7.930555555555555,11.5,3.8,144.0
2024-06-15 12:00:00,0.0,12.716666666666667,19.0,7.1,144.0
2024-06-16 12:00:00,0.0,13.355555555555556,19.1,5.4,144.0
2024-06-17 12:00:00,0.5,13.875,20.6,5.9,144.0
2024-06-18 12:00:00,0.0,12.131944444444445,19.7,6.7,144.0
2024-06-19 12:00:00,0.0,9.506944444444445,14.5,5.8,144.0
2024-06-20 12:00:00,0.0,9.49861111111111,13.2,5.7,144.0
2024-06-21 12:00:00,0.0,7.726388888888888,13.7,4.0,144.0
2024-06-22 12:00:00,1.0,10.468055555555557,16.4,4.6,144.0
2024-06-23 12:00:00,2.4,9.76388888888889,14.9,5.3,144.0
2024-06-24 12:00:00,0.0,8.261111111111111,11.0,6.5,144.0
2024-06-25 12:00:00,0.0,8.557638888888889,10.9,6.4,144.0
2024-06-26 12:00:00,2.0,8.013194444444444,11.1,4.8,144.0
2024-06-27 12:00:00,0.0,10.430555555555555,14.7,6.6,144.0
2024-06-28 12:00:00,6.0,10.172916666666667,14.5,6.3,144.0
2024-06-29 12:00:00,0.0,10.274305555555555,15.7,6.0,144.0
2024-06-30 12:00:00,0.7,7.382638888888888,9.9,4.3,144.0
2024-07-01 12:00:00,0.0,8.938194444444443,12.9,5.1,144.0
2024-07-02 12:00:00,15.5,8.98125,12.0,5.7,144.0
2024-07-03 12:00:00,0.0,7.9208333333333325,12.6,5.0,144.0
2024-07-04 12:00:00,0.0,8.783333333333333,12.6,2.9,144.0
2024-07-05 12:00:00,0.0,11.417361111111111,16.2,6.1,144.0
2024-07-06 12:00:00,0.0,12.766666666666667,18.0,6.4,144.0
2024-07-07 12:00:00,1.0,10.466666666666667,14.8,6.1,144.0
2024-07-08 12:00:00,0.0,12.949305555555556,18.1,8.6,144.0
2024-07-09 12:00:00,0.0,9.064583333333333,14.8,4.9,144.0
2024-07-10 12:00:00,12.5,9.48125,13.6,5.5,144.0
2024-07-11 12:00:00,0.0,8.040972222222223,11.0,5.8,144.0
2024-07-12 12:00:00,0.0,10.190972222222221,14.8,4.0,144.0
2024-07-13 12:00:00,0.0,11.124305555555557,15.8,6.8,144.0
2024-07-14 12:00:00,0.0,7.987500000000001,9.5,5.7,144.0
2024-07-15 12:00:00,0.0,8.73125,11.4,6.5,144.0
2024-07-16 12:00:00,0.0,9.743749999999999,13.9,5.4,144.0
2024-07-17 12:00:00,0.0,11.388194444444444,16.7,4.4,144.0
2024-07-18 12:00:00,0.0,12.146527777777777,18.6,4.5,144.0
2024-07-19 12:00:00,0.0,13.703472222222222,20.5,6.8,144.0
2024-07-20 12:00:00,0.0,13.317361111111111,20.5,5.7,144.0
2024-07-21 12:00:00,0.0,12.953472222222222,19.2,6.5,144.0
2024-07-22 12:00:00,0.0,10.992361111111112,17.0,3.8,144.0
2024-07-23 12:00:00,0.0,11.86111111111111,18.4,4.8,144.0
2024-07-24 12:00:00,2.0,11.127777777777778,16.2,6.4,144.0
2024-07-25 12:00:00,0.0,10.178472222222222,15.2,6.8,144.0
2024-07-26 12:00:00,0.0,9.62638888888889,14.5,5.4,144.0
2024-07-27 12:00:00,0.0,8.603472222222223,12.4,2.7,144.0
2024-07-28 12:00:00,0.0,8.28263888888889,12.2,3.3,144.0
2024-07-29 12:00:00,0.0,8.874305555555557,11.8,7.5,144.0
2024-07-30 12:00:00,0.0,7.8493055555555555,12.9,3.4,144.0
2024-07-31 12:00:00,3.4,5.984722222222222,9.1,4.4,144.0
2024-08-01 12:00:00,0.0,7.320833333333334,9.6,4.9,144.0
2024-08-02 12:00:00,0.0,9.675694444444444,15.0,3.7,144.0
2024-08-03 12:00:00,0.0,11.552777777777777,18.8,2.9,144.0
2024-08-04 12:00:00,0.0,10.5125,17.6,2.7,144.0
2024-08-05 12:00:00,0.0,11.166666666666666,18.0,4.2,144.0
2024-08-06 12:00:00,0.0,11.460416666666667,19.2,4.2,144.0
2024-08-07 12:00:00,0.0,9.684722222222222,14.3,6.0,144.0
2024-08-08 12:00:00,0.3,9.868055555555555,16.3,3.3,144.0
2024-08-09 12:00:00,0.0,8.946527777777778,12.7,5.7,144.0
2024-08-10 12:00:00,0.6,9.87361111111111,13.7,6.3,144.0
2024-08-11 12:00:00,0.0,9.006250000000001,13.0,4.5,144.0
2024-08-12 12:00:00,0.0,11.919444444444444,16.4,8.5,144.0
2024-08-13 12:00:00,0.0,11.171527777777778,18.5,2.8,144.0
2024-08-14 12:00:00,2.6,10.540972222222223,17.0,6.3,144.0
2024-08-15 12:00:00,0.0,7.272916666666666,10.2,5.4,144.0
2024-08-16 12:00:00,0.0,4.680555555555555,6.7,2.4,144.0
2024-08-17 12:00:00,0.0,5.472222222222222,9.0,2.2,144.0
2024-08-18 12:00:00,0.0,4.822916666666667,8.6,0.3,144.0
2024-08-19 12:00:00,0.0,6.390277777777778,9.6,4.3,144.0
2024-08-20 12:00:00,0.0,6.9118055555555555,10.2,4.4,144.0
2024-08-21 12:00:00,0.0,6.154861111111111,8.8,3.7,144.0
2024-08-22 12:00:00,5.2,4.468055555555555,7.8,0.2,144.0
2024-08-23 12:00:00,0.9,7.455555555555555,9.8,4.2,144.0
2024-08-24 12:00:00,5.6,7.385416666666667,9.4,5.5,144.0
2024-08-25 12:00:00,1.4,7.645833333333333,11.6,5.4,144.0
2024-08-26 12:00:00,3.1,5.873611111111111,8.7,3.8,144.0
2024-08-27 12:00:00,1.7,5.4375,7.2,4.3,144.0
2024-08-28 12:00:00,1.3,7.993055555555555,13.4,3.0,144.0
2024-08-29 12:00:00,7.9,7.154166666666667,9.8,4.9,144.0
2024-08-30 12:00:00,0.6,5.797222222222222,9.3,3.7,144.0
2024-08-31 12:00:00,2.0,1.661111111111111,4.1,-0.5,144.0
2024-09-01 12:00:00,2.0,0.7250000000000001,3.6,-1.6,144.0
2024-09-02 12:00:00,1.2,1.2833333333333334,2.9,-1.2,144.0
2024-09-03 12:00:00,0.0,1.9256944444444446,6.6,-1.6,144.0
2024-09-04 12:00:00,0.0,4.692361111111111,10.6,0.6,144.0
2024-09-05 12:00:00,0.0,5.655555555555555,9.7,3.1,144.0
2024-09-06 12:00:00,3.1,8.223611111111111,11.6,5.6,144.0
2024-09-07 12:00:00,9.5,4.3493055555555555,8.5,1.3,144.0
2024-09-08 12:00:00,2.1,3.686111111111111,6.2,1.9,144.0
2024-09-09 12:00:00,0.0,2.3819444444444446,6.1,-0.8,144.0
2024-09-10 12:00:00,0.0,0.4527777777777778,4.9,-3.8,144.0
2024-09-11 12:00:00,0.0,3.2979166666666666,9.9,-2.6,144.0
2024-09-12 12:00:00,0.0,5.434722222222223,9.5,2.1,144.0
2024-09-13 12:00:00,0.0,4.275,11.7,-1.8,144.0
2024-09-14 12:00:00,0.0,3.1861111111111113,4.2,1.6,144.0
2024-09-15 12:00:00,0.0,4.210416666666666,6.0,3.0,144.0
2024-09-16 12:00:00,0.0,4.013888888888889,6.7,0.8,144.0
2024-09-17 12:00:00,0.0,3.738888888888889,7.0,1.2,144.0
2024-09-18 12:00:00,0.0,3.502083333333333,6.6,1.3,144.0
2024-09-19 12:00:00,0.0,2.8958333333333335,5.9,-2.2,144.0
2024-09-20 12:00:00,0.0,3.747916666666667,8.1,-0.9,144.0
2024-09-21 12:00:00,0.0,3.9124999999999996,10.2,-1.4,144.0
2024-09-22 12:00:00,0.0,5.334722222222222,12.4,-0.1,144.0
2024-09-23 12:00:00,0.0,6.784027777777777,14.6,0.3,144.0
2024-09-24 12:00:00,0.0,5.805555555555555,14.1,-0.1,144.0
2024-09-25 12:00:00,0.0,4.957638888888889,13.5,-1.0,144.0
2024-09-26 12:00:00,0.0,5.116666666666666,12.1,-0.6,144.0
2024-09-27 12:00:00,8.7,4.106249999999999,9.8,0.1,144.0
2024-09-28 12:00:00,1.9,5.5,7.6,4.1,144.0
2024-09-29 12:00:00,4.7,7.643055555555555,11.7,4.6,144.0
2024-09-30 12:00:00,1.6,8.92361111111111,12.6,4.8,144.0
2024-10-01 12:00:00,0.0,3.7159722222222222,6.8,-0.1,144.0
2024-10-02 12:00:00,0.0,2.8777777777777778,6.2,0.8,144.0
2024-10-03 12:00:00,0.4,5.913888888888889,9.4,3.7,144.0
2024-10-04 12:00:00,0.0,3.259027777777778,9.0,-1.3,144.0
2024-10-05 12:00:00,0.0,0.55,6.7,-3.8,144.0
2024-10-06 12:00:00,0.0,-0.029861111111111123,4.2,-3.9,144.0
2024-10-07 12:00:00,0.0,0.5939849624060151,3.4,-1.2,133.0
2024-10-08 12:00:00,0.0,-3.446153846153846,-2.1,-4.6,13.0
2024-10-09 12:00:00,0.0,-1.3680555555555556,2.5,-4.5,144.0
2024-10-10 12:00:00,0.0,0.7895833333333333,2.5,-2.2,144.0
2024-10-11 12:00:00,0.0,-1.1506944444444445,4.6,-6.2,144.0
2024-10-12 12:00:00,0.0,-3.540277777777778,1.9,-7.6,144.0
2024-10-13 12:00:00,0.0,-3.5319444444444446,1.6,-6.0,144.0
2024-10-14 12:00:00,0.0,-1.71875,2.6,-4.8,144.0
2024-10-15 12:00:00,0.0,-1.7347222222222223,0.4,-4.2,144.0
2024-10-16 12:00:00,0.0,-5.69375,-0.5,-9.4,144.0
2024-10-17 12:00:00,0.0,-7.855555555555556,-2.8,-11.3,144.0
2024-10-18 12:00:00,0.0,-6.237500000000001,-2.6,-9.3,144.0
2024-10-19 12:00:00,0.0,-6.2265734265734265,-4.0,-9.1,143.0
2024-10-20 12:00:00,0.0,-6.894444444444444,-4.6,-9.4,144.0
2024-10-21 12:00:00,0.0,-1.6555555555555557,1.4,-5.1,144.0
2024-10-22 12:00:00,0.0,-2.3375000000000004,1.3,-4.4,144.0
2024-10-23 12:00:00,0.0,0.24166666666666664,2.0,-2.2,144.0
2024-10-24 12:00:00,0.0,-2.0458333333333334,3.2,-5.5,144.0
2024-10-25 12:00:00,6.4,-2.9759398496240603,-0.5,-4.6,133.0
2024-10-26 12:00:00,0.0,-3.8520833333333337,-2.5,-5.4,144.0
2024-10-27 12:00:00,0.0,-10.446527777777778,-4.3,-18.5,144.0
2024-10-28 12:00:00,0.0,-18.893749999999997,-14.0,-22.0,144.0
2024-10-29 12:00:00,0.0,-20.474305555555556,-17.6,-24.1,144.0
2024-10-30 12:00:00,0.0,-16.883916083916084,-13.5,-20.7,143.0
2024-10-31 12:00:00,0.0,-18.836805555555557,-15.2,-21.3,144.0
2024-11-01 12:00:00,0.0,-5.649305555555555,3.1,-17.0,144.0
2024-11-02 12:00:00,0.0,-1.870138888888889,1.7,-5.8,144.0
2024-11-03 12:00:00,0.0,-9.772222222222222,-3.7,-16.2,144.0
2024-11-04 12:00:00,0.0,-10.898611111111112,-7.9,-16.0,144.0
2024-11-05 12:00:00,0.0,-8.788194444444445,-7.5,-10.4,144.0
2024-11-06 12:00:00,0.0,-9.996527777777779,-8.3,-14.3,144.0
2024-11-07 12:00:00,0.0,-21.06527777777778,-14.3,-26.9,144.0
2024-11-08 12:00:00,0.0,-25.268749999999997,-22.4,-26.6,144.0
2024-11-09 12:00:00,0.0,-21.308333333333334,-14.7,-25.9,144.0
2024-11-10 12:00:00,8.4,-12.486013986013987,-10.8,-15.9,143.0
2024-11-11 12:00:00,1.1,-14.738194444444446,-10.7,-18.1,144.0
2024-11-12 12:00:00,0.6,-10.918881118881119,-7.7,-15.6,143.0
2024-11-13 12:00:00,0.0,-4.155555555555555,-1.0,-8.9,144.0
2024-11-14 12:00:00,1.1,-5.238888888888889,-0.4,-9.6,144.0
2024-11-15 12:00:00,0.3,-4.861111111111111,-2.6,-9.3,144.0
2024-11-16 12:00:00,0.0,-11.427777777777777,-9.0,-14.8,144.0
2024-11-17 12:00:00,0.0,-12.011111111111111,-8.2,-16.2,144.0
2024-11-18 12:00:00,0.0,-20.947222222222223,-13.3,-29.3,144.0
2024-11-19 12:00:00,0.0,-23.588194444444444,-18.9,-27.6,144.0
2024-11-20 12:00:00,5.7,-22.314583333333335,-15.6,-25.5,144.0
2024-11-21 12:00:00,0.0,-10.216666666666667,-5.6,-16.8,144.0
2024-11-22 12:00:00,0.0,-8.479861111111111,-6.0,-15.1,144.0
2024-11-23 12:00:00,0.0,-20.85763888888889,-15.0,-25.2,144.0
2024-11-24 12:00:00,0.0,-21.369444444444444,-12.7,-26.0,144.0
2024-11-25 12:00:00,2.5,-1.9874999999999998,2.6,-12.9,144.0
2024-11-26 12:00:00,0.0,-4.204166666666667,-0.7,-7.1,144.0
2024-11-27 12:00:00,0.0,-13.618749999999999,-6.6,-20.3,144.0
2024-11-28 12:00:00,0.0,-25.144444444444446,-18.9,-27.4,144.0
2024-11-29 12:00:00,0.0,-24.887500000000003,-17.7,-29.1,144.0
2024-11-30 12:00:00,0.0,-18.827083333333334,-17.1,-20.9,144.0
2024-12-01 12:00:00,0.0,-22.706944444444446,-18.4,-25.4,144.0
2024-12-02 12:00:00,0.0,-21.177083333333332,-16.5,-24.1,144.0
2024-12-03 12:00:00,0.0,-17.055555555555557,-14.5,-20.5,144.0
2024-12-04 12:00:00,2.5,-18.093055555555555,-14.9,-22.6,144.0
2024-12-05 12:00:00,0.0,-16.87847222222222,-15.0,-18.9,144.0
2024-12-06 12:00:00,0.0,-20.803472222222222,-14.1,-27.3,144.0
2024-12-07 12:00:00,0.0,-22.178472222222222,1.7,-28.0,144.0
2024-12-08 12:00:00,0.0,0.44861111111111107,2.7,-2.6,144.0
2024-12-09 12:00:00,0.0,-5.001388888888889,1.6,-8.6,144.0
2024-12-10 12:00:00,0.0,-5.288194444444445,-2.1,-12.0,144.0
2024-12-11 12:00:00,0.0,-18.029861111111114,-10.0,-22.7,144.0
2024-12-12 12:00:00,0.0,-15.389583333333333,-12.0,-19.4,144.0
2024-12-13 12:00:00,0.0,-21.472916666666666,-16.2,-26.2,144.0
2024-12-14 12:00:00,0.0,-3.8798611111111114,4.5,-16.1,144.0
2024-12-15 12:00:00,0.0,-9.649999999999999,-5.6,-12.4,144.0
2024-12-16 12:00:00,0.0,-12.902083333333334,-9.6,-17.3,144.0
2024-12-17 12:00:00,3.1,-9.985416666666667,-3.8,-17.2,144.0
2024-12-18 12:00:00,1.4,-6.896527777777778,-2.4,-10.5,144.0
2024-12-19 12:00:00,0.0,-7.5145833333333325,-1.7,-12.4,144.0
2024-12-20 12:00:00,0.0,-15.810416666666665,-12.3,-20.8,144.0
2024-12-21 12:00:00,0.0,-21.65902777777778,-18.7,-24.4,144.0
2024-12-22 12:00:00,0.0,-12.381944444444445,-8.7,-20.8,144.0
2024-12-23 12:00:00,3.1,-16.91736111111111,-11.4,-21.3,144.0
2024-12-24 12:00:00,0.0,-20.058333333333334,-18.5,-22.4,144.0
2024-12-25 12:00:00,0.0,-25.231944444444444,-19.3,-29.2,144.0
2024-12-26 12:00:00,0.0,-31.96388888888889,-26.1,-36.0,144.0
2024-12-27 12:00:00,0.0,-27.134027777777778,-23.7,-31.3,144.0
2024-12-28 12:00:00,0.0,-30.090972222222224,-26.2,-35.1,144.0
2024-12-29 12:00:00,0.0,-34.27361111111111,-31.5,-35.9,144.0
2024-12-30 12:00:00,0.0,-32.14513888888889,-28.1,-35.4,144.0
2024-12-31 12:00:00,0.0,-28.799999999999997,-25.2,-31.7,144.0
2025-01-01 12:00:00,0.0,-27.825694444444444,-24.0,-30.0,144.0
2025-01-02 12:00:00,0.0,-12.169444444444444,2.5,-29.4,144.0
2025-01-03 12:00:00,0.0,2.058333333333333,3.4,0.5,144.0
2025-01-04 12:00:00,0.0,-5.999305555555555,2.0,-14.9,144.0
2025-01-05 12:00:00,0.0,-15.792,-12.8,-18.8,100.0
2025-01-06 12:00:00,0.0,,,,
2025-01-07 12:00:00,0.0,-19.348484848484848,-16.0,-21.9,132.0
2025-01-08 12:00:00,0.0,-21.290277777777778,-18.2,-23.9,144.0
2025-01-09 12:00:00,0.0,-21.15277777777778,-16.8,-23.6,144.0
2025-01-10 12:00:00,0.0,-14.681944444444444,-9.8,-18.4,144.0
2025-01-11 12:00:00,1.3,-20.281944444444445,-18.6,-22.9,144.0
2025-01-12 12:00:00,0.0,-26.177777777777777,-21.8,-28.3,144.0
2025-01-13 12:00:00,0.0,-22.868055555555557,-20.9,-27.0,144.0
2025-01-14 12:00:00,0.0,-24.3375,-22.0,-28.0,144.0
2025-01-15 12:00:00,0.0,-31.09305555555555,-25.4,-35.5,144.0
2025-01-16 12:00:00,0.0,-26.20486111111111,-23.2,-31.5,144.0
2025-01-17 12:00:00,0.0,-26.42013888888889,-22.8,-29.6,144.0
2025-01-18 12:00:00,0.0,-15.095833333333335,-10.0,-25.0,144.0
2025-01-19 12:00:00,0.0,-10.290972222222223,-5.5,-16.1,144.0
2025-01-20 12:00:00,0.0,-1.2541666666666667,1.5,-6.8,144.0
2025-01-21 12:00:00,0.0,1.4527777777777777,3.2,-0.2,144.0
2025-01-22 12:00:00,1.7,-0.12222222222222223,3.9,-7.2,144.0
2025-01-23 12:00:00,0.7,-7.385416666666667,-4.9,-11.1,144.0
2025-01-24 12:00:00,0.0,-14.551388888888889,-11.2,-17.5,144.0
2025-01-25 12:00:00,0.0,-15.050694444444446,-11.9,-19.8,144.0
2025-01-26 12:00:00,0.0,-19.719444444444445,-15.4,-24.9,144.0
2025-01-27 12:00:00,0.0,-18.62152777777778,-14.0,-23.6,144.0
2025-01-28 12:00:00,0.0,-24.928472222222222,-19.9,-29.0,144.0
2025-01-29 12:00:00,0.0,-22.177083333333332,-12.3,-27.9,144.0
2025-01-30 12:00:00,0.0,-3.7138888888888886,1.2,-14.7,144.0
2025-01-31 12:00:00,0.0,-6.927777777777778,-3.3,-11.4,144.0
2025-02-01 12:00:00,1.6,-8.152083333333334,-5.2,-11.0,144.0
2025-02-02 12:00:00,0.3,-12.700694444444444,-8.7,-18.4,144.0
2025-02-03 12:00:00,0.5,-24.626388888888886,-18.2,-30.3,144.0
2025-02-04 12:00:00,3.2,-22.770833333333332,-17.4,-26.1,144.0
2025-02-05 12:00:00,2.1,-19.308333333333334,-17.4,-22.6,144.0
2025-02-06 12:00:00,0.0,-30.349999999999998,-22.3,-34.6,144.0
2025-02-07 12:00:00,0.5,-26.544444444444444,-24.6,-30.7,144.0
2025-02-08 12:00:00,0.0,-24.968055555555555,-21.7,-29.4,144.0
2025-02-09 12:00:00,0.6,-22.520833333333332,-4.7,-33.3,144.0
2025-02-10 12:00:00,0.0,-18.34027777777778,-13.9,-22.5,144.0
2025-02-11 12:00:00,0.0,-11.726388888888888,0.1,-18.9,144.0
2025-02-12 12:00:00,0.0,3.7152777777777777,6.7,-2.2,144.0
2025-02-13 12:00:00,0.0,4.728472222222222,7.0,2.0,144.0
2025-02-14 12:00:00,0.0,2.3784722222222223,6.9,-2.3,144.0
2025-02-15 12:00:00,0.0,0.28958333333333336,3.6,-3.0,144.0
2025-02-16 12:00:00,0.0,1.3493055555555555,4.7,-2.0,144.0
2025-02-17 12:00:00,0.0,1.927777777777778,4.9,-1.9,144.0
2025-02-18 12:00:00,0.0,-4.259722222222222,1.6,-10.9,144.0
2025-02-19 12:00:00,0.0,-7.8180555555555555,-3.5,-13.3,144.0
2025-02-20 12:00:00,0.0,-12.975694444444445,-5.3,-18.6,144.0
2025-02-21 12:00:00,0.0,-12.78125,-10.3,-18.6,144.0
2025-02-22 12:00:00,0.0,-10.992361111111112,-10.2,-12.9,144.0
2025-02-23 12:00:00,0.0,-13.043055555555556,-10.7,-17.6,144.0
2025-02-24 12:00:00,0.0,-12.182638888888889,-8.8,-17.4,144.0
2025-02-25 12:00:00,0.0,-16.983333333333334,-10.4,-22.8,144.0
2025-02-26 12:00:00,0.0,-9.636111111111111,-1.2,-19.8,144.0
2025-02-27 12:00:00,0.0,-10.397222222222222,-0.9,-18.4,144.0
2025-02-28 12:00:00,0.0,-15.660416666666666,-13.4,-18.0,144.0
2025-03-01 12:00:00,0.0,-16.120833333333334,-12.7,-21.2,144.0
2025-03-02 12:00:00,0.0,-17.491666666666667,-16.6,-20.7,144.0
2025-03-03 12:00:00,3.5,-20.735416666666666,-13.6,-26.9,144.0
2025-03-04 12:00:00,0.0,-24.717361111111114,-20.9,-29.2,144.0
2025-03-05 12:00:00,0.0,-22.400694444444444,-18.9,-26.4,144.0
2025-03-06 12:00:00,0.0,-23.811805555555555,-18.2,-27.9,144.0
2025-03-07 12:00:00,0.0,-23.852083333333333,-17.5,-28.1,144.0
2025-03-08 12:00:00,0.0,-21.342361111111114,-18.2,-24.9,144.0
2025-03-09 12:00:00,0.0,-10.902158273381296,6.5,-20.2,139.0
2025-03-10 12:00:00,0.0,4.585714285714286,5.2,3.3,7.0
2025-03-11 12:00:00,0.0,3.5034722222222223,7.5,-1.5,144.0
2025-03-12 12:00:00,0.0,-0.9472222222222223,5.1,-5.9,144.0
2025-03-13 12:00:00,0.0,4.520833333333333,8.5,0.4,144.0
2025-03-14 12:00:00,0.0,2.1006944444444446,9.6,-4.2,144.0
2025-03-15 12:00:00,1.5,-6.735416666666667,-1.4,-14.5,144.0
2025-03-16 12:00:00,0.0,-8.549305555555556,-5.5,-11.3,144.0
2025-03-17 12:00:00,0.0,-11.675,-5.8,-18.6,144.0
2025-03-18 12:00:00,0.5,-12.246527777777779,-8.5,-14.9,144.0
2025-03-19 12:00:00,0.0,-2.8243055555555556,5.8,-10.7,144.0
2025-03-20 12:00:00,0.0,-8.31388888888889,-4.7,-12.4,144.0
2025-03-21 12:00:00,0.0,-12.03263888888889,-8.5,-15.7,144.0
2025-03-22 12:00:00,0.0,-5.672222222222222,-3.3,-11.1,144.0
2025-03-23 12:00:00,0.0,-7.882638888888888,-4.4,-10.8,144.0
2025-03-24 12:00:00,0.0,-10.706944444444444,-8.6,-12.0,144.0
2025-03-25 12:00:00,1.1,-9.253472222222221,-6.9,-12.8,144.0
2025-03-26 12:00:00,0.0,-5.791666666666667,-4.4,-7.2,144.0
2025-03-27 12:00:00,0.0,-5.465972222222223,-2.8,-9.5,144.0
2025-03-28 12:00:00,0.0,-9.464583333333334,-5.6,-15.1,144.0
2025-03-29 12:00:00,0.9,-11.477777777777778,-7.8,-13.5,144.0
2025-03-30 12:00:00,0.0,-13.184722222222222,-8.4,-19.2,144.0
2025-03-31 12:00:00,0.0,-17.444444444444443,-7.0,-25.6,144.0
2025-04-01 12:00:00,0.0,-16.824305555555554,-11.8,-20.9,144.0
2025-04-02 12:00:00,0.0,-15.117361111111112,-10.7,-19.3,144.0
2025-04-03 12:00:00,0.0,-16.5,-10.9,-23.0,144.0
2025-04-04 12:00:00,0.0,-12.789583333333333,-8.3,-17.8,144.0
2025-04-05 12:00:00,0.0,-4.28125,4.9,-10.4,144.0
2025-04-06 12:00:00,0.0,-11.1125,-9.4,-13.2,144.0
2025-04-07 12:00:00,0.0,-12.891666666666667,-6.4,-19.9,144.0
2025-04-08 12:00:00,0.0,-6.714583333333334,7.6,-13.6,144.0
2025-04-09 12:00:00,0.0,8.332638888888889,10.6,2.7,144.0
2025-04-10 12:00:00,0.0,-0.9131944444444444,4.4,-5.0,144.0
2025-04-11 12:00:00,4.5,-0.41597222222222224,4.1,-5.5,144.0
2025-04-12 12:00:00,2.0,-9.618749999999999,-5.5,-15.6,144.0
2025-04-13 12:00:00,0.0,-12.990972222222222,-8.1,-18.3,144.0
2025-04-14 12:00:00,0.0,-7.913194444444445,-3.7,-11.7,144.0
2025-04-15 12:00:00,0.0,-7.834722222222222,-0.5,-14.3,144.0
2025-04-16 12:00:00,0.0,-10.068055555555555,-5.7,-14.6,144.0
2025-04-17 12:00:00,0.0,-9.143055555555556,-4.6,-13.4,144.0
2025-04-18 12:00:00,0.0,-7.395833333333333,-1.3,-12.1,144.0
2025-04-19 12:00:00,0.0,-4.072222222222222,3.0,-6.7,144.0
2025-04-20 12:00:00,0.0,-1.3986111111111112,6.9,-6.0,144.0
2025-04-21 12:00:00,0.0,-1.9395833333333334,2.3,-7.0,144.0
2025-04-22 12:00:00,0.0,-2.7652777777777775,0.7,-6.8,144.0
2025-04-23 12:00:00,0.0,-3.209722222222222,-0.5,-6.1,144.0
2025-04-24 12:00:00,0.0,-0.9986111111111112,4.4,-5.4,144.0
2025-04-25 12:00:00,0.0,-0.3159722222222222,5.4,-3.6,144.0
2025-04-26 12:00:00,1.1,0.25555555555555554,5.7,-2.6,144.0
2025-04-27 12:00:00,0.0,-1.8812499999999999,0.7,-4.0,144.0
2025-04-28 12:00:00,0.0,1.0784722222222223,3.8,-3.4,144.0
2025-04-29 12:00:00,0.0,-1.379861111111111,3.9,-5.6,144.0
2025-04-30 12:00:00,0.0,0.30972222222222223,3.1,-2.1,144.0
2025-05-01 12:00:00,0.0,2.5805555555555557,8.3,-2.7,144.0
2025-05-02 12:00:00,0.0,0.02569444444444444,5.8,-3.3,144.0
2025-05-03 12:00:00,1.0,-0.2652777777777778,2.8,-3.1,144.0
2025-05-04 12:00:00,1.4,-0.5618055555555556,1.7,-3.0,144.0
2025-05-05 12:00:00,0.0,2.1097222222222225,5.9,0.0,144.0
2025-05-06 12:00:00,3.1,-1.082638888888889,1.0,-3.1,144.0
2025-05-07 12:00:00,0.9,-0.16805555555555557,2.8,-2.5,144.0
2025-05-08 12:00:00,0.0,-4.716666666666667,-0.7,-7.7,144.0
2025-05-09 12:00:00,2.3,-7.038888888888889,-4.7,-10.0,144.0
2025-05-10 12:00:00,0.0,-0.5645833333333333,1.7,-5.2,144.0
2025-05-11 12:00:00,0.0,-1.6548611111111111,4.5,-5.1,144.0
2025-05-12 12:00:00,0.0,-4.602083333333334,-2.1,-8.7,144.0
2025-05-13 12:00:00,0.0,-2.6215277777777777,-0.8,-4.5,144.0
2025-05-14 12:00:00,0.0,-0.7263888888888889,2.0,-4.1,144.0
2025-05-15 12:00:00,0.0,8.04513888888889,13.7,0.9,144.0
2025-05-16 12:00:00,0.0,7.958333333333333,14.0,0.9,144.0
2025-05-17 12:00:00,0.0,11.891666666666667,13.9,9.4,144.0
2025-05-18 12:00:00,0.0,11.908333333333333,16.9,5.2,144.0
2025-05-19 12:00:00,0.0,14.12638888888889,19.6,10.1,144.0
2025-05-20 12:00:00,0.9,11.337499999999999,19.3,3.2,144.0
2025-05-21 12:00:00,0.0,5.828472222222222,11.6,0.4,144.0
2025-05-22 12:00:00,0.0,0.9284722222222221,3.5,-1.1,144.0
2025-05-23 12:00:00,0.0,1.1347222222222222,2.8,-0.2,144.0
2025-05-24 12:00:00,0.0,0.8020833333333334,3.1,-0.6,144.0
2025-05-25 12:00:00,0.0,1.963888888888889,4.7,-3.2,144.0
2025-05-26 12:00:00,0.0,4.148611111111111,8.5,-0.7,144.0
2025-05-27 12:00:00,0.0,7.082638888888889,11.9,2.8,144.0
2025-05-28 12:00:00,0.0,7.870138888888889,13.2,1.7,144.0
2025-05-29 12:00:00,0.0,8.796527777777778,13.6,2.9,144.0
2025-05-30 12:00:00,0.0,8.929861111111112,14.0,2.0,144.0
2025-05-31 12:00:00,0.0,8.58125,12.3,3.9,144.0
2025-06-01 12:00:00,0.0,9.273611111111112,14.7,2.4,144.0
2025-06-02 12:00:00,0.0,10.353472222222223,15.7,4.2,144.0
2025-06-03 12:00:00,0.0,11.169444444444444,17.7,4.4,144.0
2025-06-04 12:00:00,0.0,7.518055555555555,12.5,2.3,144.0
2025-06-05 12:00:00,1.5,6.461111111111111,11.4,3.8,144.0
2025-06-06 12:00:00,0.0,6.302083333333333,8.3,4.5,144.0
2025-06-07 12:00:00,0.0,7.259027777777778,10.3,4.1,144.0
2025-06-08 12:00:00,0.0,9.5125,14.4,3.6,144.0
2025-06-09 12:00:00,0.0,10.256944444444445,15.8,4.9,144.0
2025-06-10 12:00:00,0.0,9.675694444444444,14.4,4.2,144.0
2025-06-11 12:00:00,0.0,10.023611111111112,16.4,5.0,144.0
2025-06-12 12:00:00,0.0,8.0,12.4,3.6,144.0
2025-06-13 12:00:00,0.0,9.82986111111111,14.2,6.5,144.0
2025-06-14 12:00:00,0.0,10.78263888888889,15.6,7.4,144.0
2025-06-15 12:00:00,0.0,9.300694444444444,14.5,6.8,144.0
2025-06-16 12:00:00,1.6,7.951388888888889,11.1,6.2,144.0
2025-06-17 12:00:00,0.0,7.190972222222222,10.6,5.1,144.0
2025-06-18 12:00:00,0.0,9.202083333333333,13.6,4.2,144.0
2025-06-19 12:00:00,0.0,10.9206106870229,17.1,3.1,131.0
2025-06-20 12:00:00,4.0,12.802777777777777,18.5,7.1,144.0
2025-06-21 12:00:00,0.7,8.234722222222222,14.7,5.5,144.0
2025-06-22 12:00:00,0.0,6.460416666666666,8.9,5.0,144.0
2025-06-23 12:00:00,0.0,10.35763888888889,14.6,5.6,144.0
2025-06-24 12:00:00,0.0,11.46736111111111,16.9,4.0,144.0
2025-06-25 12:00:00,0.0,12.144444444444444,18.3,4.5,144.0
2025-06-26 12:00:00,0.0,11.286805555555555,16.8,4.7,144.0
2025-06-27 12:00:00,0.0,11.629861111111111,17.3,4.0,144.0
2025-06-28 12:00:00,0.0,10.45625,15.9,4.4,144.0
2025-06-29 12:00:00,0.9,10.175694444444444,13.9,7.1,144.0
2025-06-30 12:00:00,11.6,13.152777777777779,18.5,7.8,144.0
2025-07-01 12:00:00,0.0,8.741666666666667,13.8,4.8,144.0
2025-07-02 12:00:00,0.0,7.1812499999999995,11.6,4.4,144.0
2025-07-03 12:00:00,6.6,10.708333333333334,15.5,4.3,144.0
2025-07-04 12:00:00,0.7,11.825,18.0,7.2,144.0
2025-07-05 12:00:00,3.6,7.420138888888889,9.3,5.4,144.0
2025-07-06 12:00:00,1.8,11.23125,13.9,9.2,144.0
2025-07-07 12:00:00,0.0,11.552777777777777,14.4,9.0,144.0
2025-07-08 12:00:00,0.0,9.969444444444443,13.3,5.9,144.0
2025-07-09 12:00:00,3.2,10.192361111111111,13.4,6.3,144.0
2025-07-10 12:00:00,0.0,8.174305555555556,12.5,5.2,144.0
2025-07-11 12:00:00,0.7,9.570833333333333,13.6,4.3,144.0
2025-07-12 12:00:00,5.5,11.970833333333333,14.5,9.2,144.0
2025-07-13 12:00:00,0.0,11.309722222222222,17.2,7.3,144.0
2025-07-14 12:00:00,0.0,10.447222222222223,16.0,5.4,144.0
2025-07-15 12:00:00,0.0,13.52986111111111,19.4,6.4,144.0
2025-07-16 12:00:00,0.0,12.694444444444445,19.2,5.7,144.0
2025-07-17 12:00:00,10.0,11.886111111111111,19.1,4.6,144.0
2025-07-18 12:00:00,0.0,8.685416666666667,13.8,6.3,144.0
2025-07-19 12:00:00,0.0,7.855555555555556,11.0,6.0,144.0
2025-07-20 12:00:00,4.5,10.822222222222223,17.1,3.7,144.0
2025-07-21 12:00:00,0.0,11.542361111111111,16.8,7.4,144.0
2025-07-22 12:00:00,0.0,8.222222222222221,10.4,6.4,144.0
2025-07-23 12:00:00,0.0,10.913888888888888,16.9,5.8,144.0
2025-07-24 12:00:00,0.0,13.943055555555555,19.8,6.8,144.0
2025-07-25 12:00:00,0.0,12.921527777777778,19.5,5.7,144.0
2025-07-26 12:00:00,0.0,11.05,16.2,5.8,144.0
2025-07-27 12:00:00,0.0,10.685416666666667,13.4,7.3,144.0
2025-07-28 12:00:00,0.0,11.36111111111111,19.1,3.0,144.0
2025-07-29 12:00:00,0.0,12.145833333333334,19.5,4.1,144.0
2025-07-30 12:00:00,0.0,11.286805555555555,18.6,3.9,144.0
2025-07-31 12:00:00,0.0,10.927083333333334,18.6,2.8,144.0
2025-08-01 12:00:00,0.6,11.068750000000001,17.8,4.6,144.0
2025-08-02 12:00:00,0.0,8.925,14.8,3.5,144.0
2025-08-03 12:00:00,4.3,9.020833333333334,13.3,4.0,144.0
2025-08-04 12:00:00,0.7,7.490972222222222,11.6,3.7,144.0
2025-08-05 12:00:00,20.6,9.884027777777778,14.1,6.0,144.0
2025-08-06 12:00:00,1.6,8.699305555555556,11.9,6.0,144.0
2025-08-07 12:00:00,1.9,4.388888888888889,8.6,0.3,144.0
2025-08-08 12:00:00,1.0,9.41875,14.1,6.5,144.0
2025-08-09 12:00:00,0.4,6.977777777777778,9.5,4.1,144.0
2025-08-10 12:00:00,4.6,10.169444444444444,14.8,6.5,144.0
2025-08-11 12:00:00,0.0,6.534027777777777,8.8,4.7,144.0
2025-08-12 12:00:00,1.1,6.84375,10.3,3.9,144.0
2025-08-13 12:00:00,11.0,6.620833333333334,9.8,4.1,144.0
2025-08-14 12:00:00,7.0,6.315277777777777,10.5,2.7,144.0
2025-08-15 12:00:00,4.6,4.820833333333334,6.2,2.9,144.0
2025-08-16 12:00:00,0.0,4.959027777777778,5.8,4.1,144.0
2025-08-17 12:00:00,0.0,5.879166666666666,10.9,0.2,144.0
2025-08-18 12:00:00,0.0,8.957638888888889,11.5,5.6,144.0
2025-08-19 12:00:00,0.0,12.622916666666667,14.3,10.8,144.0
2025-08-20 12:00:00,0.0,11.04375,16.7,6.1,144.0
2025-08-21 12:00:00,0.0,9.381250000000001,15.4,6.3,144.0
2025-08-22 12:00:00,0.0,10.20486111111111,14.1,6.9,144.0
2025-08-23 12:00:00,0.4,7.096527777777777,8.6,4.9,144.0
2025-08-24 12:00:00,0.0,5.894444444444444,8.0,3.1,144.0
2025-08-25 12:00:00,0.0,5.205555555555556,7.7,3.0,144.0
2025-08-26 12:00:00,0.0,5.293055555555556,9.5,0.2,144.0
2025-08-27 12:00:00,0.0,5.255797101449275,11.6,0.3,138.0
2025-08-28 12:00:00,6.2,6.772222222222222,13.1,1.0,144.0
2025-08-29 12:00:00,2.1,7.011111111111111,12.2,4.3,144.0
2025-08-30 12:00:00,0.0,8.292361111111111,10.7,6.2,144.0
2025-08-31 12:00:00,0.0,8.910416666666666,11.8,4.5,144.0
2025-09-01 12:00:00,0.0,5.126388888888889,6.9,3.9,144.0
2025-09-02 12:00:00,0.0,6.995833333333334,9.3,3.9,144.0
2025-09-03 12:00:00,0.0,7.14513888888889,11.3,4.3,144.0
2025-09-04 12:00:00,0.8,5.155555555555555,10.3,2.0,144.0
2025-09-05 12:00:00,1.2,5.009722222222222,6.6,3.2,144.0
2025-09-06 12:00:00,0.0,3.620833333333333,5.8,0.2,144.0
2025-09-07 12:00:00,0.0,2.6847222222222222,8.2,-2.9,144.0
2025-09-08 12:00:00,0.0,4.725,12.1,-0.2,144.0
2025-09-09 12:00:00,1.3,6.761805555555556,12.2,2.4,144.0
2025-09-10 12:00:00,0.0,6.196527777777778,9.9,3.9,144.0
2025-09-11 12:00:00,0.0,5.404861111111111,8.0,3.2,144.0
2025-09-12 12:00:00,0.0,3.526388888888889,6.5,-0.1,144.0
2025-09-13 12:00:00,0.0,1.9659722222222225,6.8,-3.8,144.0
2025-09-14 12:00:00,0.0,1.629861111111111,6.9,-3.2,144.0
2025-09-15 12:00:00,0.0,2.1694444444444443,9.0,-3.3,144.0
2025-09-16 12:00:00,0.0,2.2472222222222222,5.0,-0.6,144.0
2025-09-17 12:00:00,0.0,4.845138888888889,8.6,1.3,144.0
2025-09-18 12:00:00,0.0,8.679861111111112,14.5,4.7,144.0
2025-09-19 12:00:00,0.0,6.504166666666666,12.2,2.2,144.0
2025-09-20 12:00:00,0.0,6.460416666666666,12.0,1.5,144.0
2025-09-21 12:00:00,0.0,5.2243055555555555,9.5,0.7,144.0
2025-09-22 12:00:00,0.0,10.197916666666666,16.4,5.8,144.0
2025-09-23 12:00:00,0.0,5.920138888888889,7.8,4.2,144.0
2025-09-24 12:00:00,0.0,3.4833333333333334,9.1,-1.3,144.0
2025-09-25 12:00:00,0.0,4.397916666666666,9.8,0.6,144.0
2025-09-26 12:00:00,0.0,5.343055555555555,9.3,2.5,144.0
2025-09-27 12:00:00,0.0,4.065972222222222,7.0,0.9,144.0
2025-09-28 12:00:00,0.0,3.527083333333333,8.0,-0.5,144.0
2025-09-29 12:00:00,0.0,2.192361111111111,4.9,0.4,144.0
2025-09-30 12:00:00,0.0,-0.045833333333333344,3.5,-4.0,144.0
2025-10-01 12:00:00,0.0,1.3243055555555554,3.2,-1.1,144.0
2025-10-02 12:00:00,1.5,-3.0902777777777777,1.5,-10.2,144.0
2025-10-03 12:00:00,2.2,-7.425694444444444,-3.1,-10.8,144.0
2025-10-04 12:00:00,0.0,2.8895833333333334,6.5,-6.3,144.0
2025-10-05 12:00:00,1.7,0.3770833333333333,3.0,-3.0,144.0
2025-10-06 12:00:00,0.0,-1.9909722222222221,1.5,-5.1,144.0
2025-10-07 12:00:00,1.2,-3.4166666666666665,0.2,-6.4,144.0
2025-10-08 12:00:00,0.0,0.6506944444444445,6.6,-3.8,144.0
2025-10-09 12:00:00,2.6,2.545138888888889,6.3,0.8,144.0
2025-10-10 12:00:00,0.0,-1.8305555555555557,2.7,-7.2,144.0
2025-10-11 12:00:00,0.0,-3.3902777777777775,0.0,-6.2,144.0
2025-10-12 12:00:00,0.0,3.160416666666667,5.3,-0.5,144.0
2025-10-13 12:00:00,0.0,0.7136,3.9,-2.7,125.0
2025-10-14 12:00:00,0.0,,,,
2025-10-15 12:00:00,0.0,,,,
2025-10-16 12:00:00,0.0,,,,
2025-10-17 12:00:00,0.0,,,,
2025-10-18 12:00:00,0.0,,,,
2025-10-19 12:00:00,0.0,,,,
2025-10-20 12:00:00,0.5,,,,
2025-10-21 12:00:00,5.5,,,,
2025-10-22 12:00:00,0.8,,,,
2025-10-23 12:00:00,1.3,7.666666666666667,7.7,7.6,3.0
2025-10-24 12:00:00,3.1,,,,
2025-10-25 12:00:00,5.4,,,,
2025-10-26 12:00:00,0.0,,,,
2025-10-27 12:00:00,0.0,,,,
2025-10-28 12:00:00,0.0,,,,
2025-10-29 12:00:00,0.0,,,,
2025-10-30 12:00:00,0.0,,,,
2025-10-31 12:00:00,0.0,,,,
2025-11-01 12:00:00,0.0,-16.362857142857145,-14.2,-17.6,140.0
2025-11-02 12:00:00,0.0,-16.169444444444444,-14.5,-17.5,144.0
2025-11-03 12:00:00,0.0,-11.34375,-8.7,-15.4,144.0
2025-11-04 12:00:00,0.0,-7.508333333333334,-6.8,-8.8,144.0
2025-11-05 12:00:00,0.0,-13.522916666666667,-7.8,-16.8,144.0
2025-11-06 12:00:00,0.0,-3.660416666666667,1.5,-11.2,144.0
2025-11-07 12:00:00,0.0,0.8743055555555556,3.2,-2.0,144.0
2025-11-08 12:00:00,0.0,1.4500000000000002,4.7,-2.8,144.0
2025-11-09 12:00:00,0.0,2.507638888888889,5.2,-1.6,144.0
2025-11-10 12:00:00,0.0,-2.564583333333333,1.1,-5.0,144.0
2025-11-11 12:00:00,0.0,-4.179861111111111,-2.5,-7.6,144.0
2025-11-12 12:00:00,0.0,-2.107638888888889,5.2,-7.0,144.0
2025-11-13 12:00:00,0.0,6.893750000000001,9.9,4.0,144.0
2025-11-14 12:00:00,0.0,7.072535211267605,10.1,4.8,142.0
2025-11-15 12:00:00,0.0,0.07777777777777778,5.8,-6.6,144.0
2025-11-16 12:00:00,0.0,-7.2333333333333325,-3.9,-10.1,144.0
2025-11-17 12:00:00,0.0,-9.057638888888889,-7.6,-10.7,144.0
2025-11-18 12:00:00,3.7,-6.889583333333333,-3.9,-10.7,144.0
2025-11-19 12:00:00,0.0,-4.518055555555556,8.4,-7.0,144.0
2025-11-20 12:00:00,0.0,2.4312500000000004,7.5,-3.7,144.0
2025-11-21 12:00:00,0.0,-5.78125,-3.4,-8.0,144.0
2025-11-22 12:00:00,0.0,-9.297916666666667,-6.8,-11.2,144.0
2025-11-23 12:00:00,0.0,-6.502777777777777,-4.7,-10.0,144.0
2025-11-24 12:00:00,0.0,-12.434722222222222,-9.1,-15.1,144.0
2025-11-25 12:00:00,0.0,-4.938888888888889,1.5,-15.1,144.0
2025-11-26 12:00:00,0.0,-4.654861111111111,-1.9,-8.2,144.0
2025-11-27 12:00:00,0.0,-7.834722222222222,-5.7,-9.9,144.0
2025-11-28 12:00:00,0.0,-7.709027777777777,-6.2,-9.4,144.0
2025-11-29 12:00:00,0.0,-4.720138888888889,-1.4,-8.4,144.0
2025-11-30 12:00:00,0.0,-8.234027777777778,-4.7,-10.8,144.0
2025-12-01 12:00:00,0.0,-9.318055555555555,-8.0,-13.6,144.0
2025-12-02 12:00:00,0.0,-16.21875,-12.6,-19.5,144.0
2025-12-03 12:00:00,0.0,-9.425,1.0,-20.1,144.0
2025-12-04 12:00:00,0.0,-1.7305555555555554,0.9,-5.5,144.0
2025-12-05 12:00:00,0.0,-8.124305555555557,-3.1,-10.6,144.0
2025-12-06 12:00:00,0.0,-6.406944444444445,-1.8,-13.2,144.0
2025-12-07 12:00:00,0.0,-11.384027777777778,-9.4,-14.0,144.0
2025-12-08 12:00:00,0.0,-3.895138888888889,-0.3,-11.8,144.0
2025-12-09 12:00:00,0.0,-2.9430555555555555,-0.5,-5.5,144.0
2025-12-10 12:00:00,0.0,-4.309027777777778,-0.2,-8.9,144.0
2025-12-11 12:00:00,0.0,-3.1722222222222225,0.6,-6.5,144.0
2025-12-12 12:00:00,0.0,-11.83125,-4.8,-16.5,144.0
2025-12-13 12:00:00,0.6,-16.80902777777778,-14.2,-18.7,144.0
2025-12-14 12:00:00,0.0,-16.98888888888889,-14.3,-18.6,144.0
2025-12-15 12:00:00,2.1,-11.890972222222222,-9.7,-14.4,144.0
2025-12-16 12:00:00,0.0,-14.420833333333333,-9.9,-20.6,144.0
2025-12-17 12:00:00,0.0,-21.922222222222224,-17.0,-27.5,144.0
2025-12-18 12:00:00,0.0,-18.279166666666665,-16.0,-22.2,144.0
2025-12-19 12:00:00,1.2,-11.35763888888889,-4.3,-18.2,144.0
2025-12-20 12:00:00,0.0,-9.780555555555557,-5.6,-15.4,144.0
2025-12-21 12:00:00,0.0,-6.5625,6.5,-15.6,144.0
2025-12-22 12:00:00,0.4,0.9430555555555556,6.4,-6.2,144.0
2025-12-23 12:00:00,0.0,-9.093055555555557,-6.0,-15.1,144.0
2025-12-24 12:00:00,0.0,-14.818750000000001,-12.7,-16.4,144.0
2025-12-25 12:00:00,0.0,-19.543055555555554,-14.8,-23.0,144.0
2025-12-26 12:00:00,0.0,-10.9375,-6.1,-18.7,144.0
2025-12-27 12:00:00,0.0,-9.476388888888888,-7.0,-10.9,144.0
2025-12-28 12:00:00,0.0,-10.658333333333333,-8.5,-12.5,144.0
2025-12-29 12:00:00,0.0,-3.3375000000000004,2.4,-9.5,144.0
2025-12-30 12:00:00,0.0,4.684722222222223,9.0,0.1,144.0
2025-12-31 12:00:00,0.0,2.571527777777778,5.1,0.2,144.0
