step,curve,L_km,n_pairs,FSS,f0
1,"θ=0.01, T=±1h (radar baseline)",10,38,0.7638170586963964,0.12280701754385963
1,"θ=0.01, T=±1h (radar baseline)",20,69,0.4973566513066696,0.09178743961352655
1,"θ=0.01, T=±1h (radar baseline)",30,91,0.40375382527629333,0.08058608058608058
1,"θ=0.01, T=±1h (radar baseline)",40,131,0.39822599559238625,0.08651399491094147
1,"θ=0.01, T=±1h (radar baseline)",50,182,0.3616182518942834,0.07509157509157509
1,"θ=0.01, T=±1h (radar baseline)",60,216,0.4230818183945202,0.09413580246913582
1,"θ=0.01, T=±1h (radar baseline)",70,236,0.3974571350486149,0.08898305084745761
1,"θ=0.01, T=±1h (radar baseline)",80,278,0.3765301217461119,0.0815347721822542
1,"θ=0.01, T=±1h (radar baseline)",90,332,0.3675350329214786,0.07630522088353413
1,"θ=0.01, T=±1h (radar baseline)",100,361,0.3723497731528982,0.07479224376731301
2,"θ=0.1, T=±1h (gauge baseline)",10,38,0.919558418832172,0.12280701754385963
2,"θ=0.1, T=±1h (gauge baseline)",20,69,0.6651654893291038,0.09178743961352655
2,"θ=0.1, T=±1h (gauge baseline)",30,91,0.5808058956801201,0.08058608058608058
2,"θ=0.1, T=±1h (gauge baseline)",40,131,0.4652351667265652,0.08651399491094147
2,"θ=0.1, T=±1h (gauge baseline)",50,182,0.4624790375738308,0.07509157509157509
2,"θ=0.1, T=±1h (gauge baseline)",60,216,0.469315381377281,0.09413580246913582
2,"θ=0.1, T=±1h (gauge baseline)",70,236,0.45311734893931876,0.08898305084745761
2,"θ=0.1, T=±1h (gauge baseline)",80,278,0.43360860589072414,0.0815347721822542
2,"θ=0.1, T=±1h (gauge baseline)",90,332,0.43228115822179636,0.07630522088353413
2,"θ=0.1, T=±1h (gauge baseline)",100,361,0.4539561619027419,0.07479224376731301
3,"θ=0.3, T=±1h (high altitude adjustment)",10,38,0.948115231848549,0.12280701754385963
3,"θ=0.3, T=±1h (high altitude adjustment)",20,69,0.7326592403148546,0.09178743961352655
3,"θ=0.3, T=±1h (high altitude adjustment)",30,91,0.6722078172626832,0.08058608058608058
3,"θ=0.3, T=±1h (high altitude adjustment)",40,131,0.5189583040060726,0.08651399491094147
3,"θ=0.3, T=±1h (high altitude adjustment)",50,182,0.550609849445189,0.07509157509157509
3,"θ=0.3, T=±1h (high altitude adjustment)",60,216,0.43586476275062214,0.09413580246913582
3,"θ=0.3, T=±1h (high altitude adjustment)",70,236,0.43782098152761084,0.08898305084745761
3,"θ=0.3, T=±1h (high altitude adjustment)",80,278,0.4107130265033272,0.0815347721822542
3,"θ=0.3, T=±1h (high altitude adjustment)",90,332,0.4230979070569252,0.07630522088353413
3,"θ=0.3, T=±1h (high altitude adjustment)",100,361,0.42404520185323036,0.07479224376731301
4,"θ=0.3, advective T=L/v (850 hPa)",10,38,0.9703756387031953,0.12719298245614033
4,"θ=0.3, advective T=L/v (850 hPa)",20,70,0.7322351530588735,0.08870748299319726
4,"θ=0.3, advective T=L/v (850 hPa)",30,95,0.6855262373927249,0.07294903926482874
4,"θ=0.3, advective T=L/v (850 hPa)",40,136,0.5607725566315076,0.07489230540701129
4,"θ=0.3, advective T=L/v (850 hPa)",50,188,0.6079214288426509,0.06780372405372405
4,"θ=0.3, advective T=L/v (850 hPa)",60,223,0.5043330772323097,0.08821599573380105
4,"θ=0.3, advective T=L/v (850 hPa)",70,243,0.49943498241851947,0.08541523591689858
4,"θ=0.3, advective T=L/v (850 hPa)",80,288,0.45383912787705627,0.07616770411720593
4,"θ=0.3, advective T=L/v (850 hPa)",90,344,0.43820236805432866,0.07270181296602445
4,"θ=0.3, advective T=L/v (850 hPa)",100,373,0.4255505677544058,0.07245533540256244
